PageViews,SessionDuration,BounceRate,TrafficSource,TimeOnPage,PreviousVisits,ConversionRate
5,11.05,0.23,Organic,3.89,3,1
4,3.43,0.39,Social,8.48,0,1
4,1.62,0.4,Organic,9.64,2,1
5,3.63,0.18,Organic,2.07,3,1
5,4.24,0.29,Paid,1.96,5,1
3,4.54,0.42,Social,3.44,2,1
5,1.95,0.03,Social,2.12,1,1
4,1.69,0.25,Paid,3.48,5,1
6,0.03,0.12,Organic,5.29,1,1
7,7.83,0.21,Paid,4.06,5,1
2,2.77,0.49,Direct,2.97,3,1
5,0.68,0.45,Referral,1.5,0,1
5,7.56,0.26,Social,9.69,0,1
6,7.39,0.26,Paid,4.98,2,1
4,13.58,0.32,Paid,5.8,3,1
6,6.22,0.3,Paid,10.03,2,1
6,18.34,0.34,Referral,2.98,0,1
1,0.84,0.25,Social,8.3,1,1
7,5.54,0.26,Paid,8.79,3,1
2,5.2,0.17,Paid,2.89,2,1
11,0.79,0.25,Organic,11.69,5,1
4,0.31,0.64,Organic,4.16,4,1
3,11.65,0.29,Direct,6.03,1,1
8,1.05,0.18,Organic,3.73,2,1
3,6.14,0.09,Social,5.08,2,1
3,0.01,0.12,Referral,1.34,3,1
5,0.06,0.06,Social,7.05,1,1
8,1.88,0.01,Direct,2.11,2,1
3,0.82,0.16,Referral,15.02,3,1
2,3.51,0.14,Social,1.55,0,1
5,2.5,0.12,Organic,3.3,2,1
3,0.24,0.44,Referral,2.64,2,0.9
8,0.53,0.25,Social,0.97,2,1
10,1.47,0.21,Organic,9,1,1
3,0.62,0.08,Referral,1.95,1,1
2,4.71,0.68,Social,3.87,4,1
5,1.61,0.37,Social,1.69,1,0.9
7,0.29,0.15,Organic,7.17,2,1
6,1.99,0.23,Referral,2.99,0,1
6,0.29,0.48,Organic,4.22,1,1
2,0.41,0.27,Referral,3.28,1,1
4,0.82,0.13,Paid,4.61,1,1
9,5.89,0.29,Paid,8.65,0,1
7,7.76,0.46,Paid,3.3,1,1
11,5.25,0.29,Organic,5.28,2,1
8,1.22,0.61,Organic,3.06,0,1
3,0.95,0.4,Organic,1.43,1,1
2,2.39,0.19,Referral,4.24,2,1
3,3.84,0.19,Social,1.59,2,1
4,15.05,0.03,Organic,2.87,1,1
5,0.42,0.84,Organic,0.73,4,0.7
5,0.15,0.19,Paid,3.97,2,1
4,3.56,0.16,Referral,3.15,4,1
3,5.36,0.39,Organic,3.83,1,1
8,5.62,0.36,Organic,3.91,2,1
2,3.4,0.05,Organic,4.88,4,1
1,9.24,0.53,Organic,5.42,2,1
4,2.15,0.16,Organic,14.34,5,1
5,7.35,0.22,Organic,9.84,2,1
4,10.31,0.65,Referral,5.32,1,1
3,5.64,0.05,Referral,2.77,1,1
4,1.11,0.29,Organic,2.81,1,1
8,0.66,0.27,Referral,0.37,2,0.9
2,2.38,0.08,Paid,1.59,1,0.6
2,1.81,0.16,Direct,3.08,2,1
2,6.31,0.25,Organic,4.22,4,1
7,0.32,0.23,Referral,18.24,2,1
6,0.89,0.22,Referral,4.77,5,1
7,4.18,0.1,Organic,5.46,3,1
6,0.3,0.5,Direct,1.38,4,1
7,1.16,0.54,Paid,2.25,1,1
6,1.47,0.12,Referral,3.1,1,1
4,2.92,0.17,Organic,0.99,2,1
2,0.52,0.19,Organic,4.68,1,1
3,5.91,0.32,Paid,1.96,3,1
4,1.78,0.27,Organic,1.22,2,1
7,7.47,0.51,Paid,6.36,0,1
4,1.89,0.14,Organic,3.1,0,1
3,0.96,0.49,Referral,4.38,0,1
2,0.46,0.37,Paid,1.24,2,0.8
6,0.01,0.18,Organic,5.9,2,1
3,2.28,0.48,Referral,5.03,1,1
5,0.34,0.31,Paid,3.71,3,1
9,1.49,0.12,Organic,5.79,1,1
6,2.67,0.4,Organic,2.26,2,0.9
6,0.97,0.23,Organic,2.65,1,1
9,0.58,0.65,Organic,2.57,2,1
4,4.47,0.15,Direct,0.79,2,1
9,8.8,0.29,Paid,3,1,1
2,0.32,0.17,Organic,3.49,2,1
10,0.51,0.24,Organic,2.13,0,1
6,9.66,0.05,Organic,3.11,3,1
9,0.12,0.11,Paid,3.28,1,1
4,11.4,0.07,Organic,5.55,3,1
1,0.01,0.31,Paid,5.76,4,1
6,6.21,0.26,Organic,9.08,1,1
8,1.1,0.31,Social,2.27,5,1
6,8.37,0.3,Organic,7.48,0,1
2,1.14,0.38,Paid,6.62,3,1
3,3.19,0.07,Referral,1.12,3,1
5,0.25,0.05,Paid,6.97,2,1
3,0.83,0.28,Social,1.13,1,0.9
3,4.46,0.13,Referral,3.79,0,1
5,2.26,0.17,Paid,7.83,5,1
6,7.89,0.4,Paid,0.42,0,1
5,1.68,0.23,Direct,5.16,0,1
3,6.12,0.39,Referral,1.25,1,1
5,1.79,0.5,Direct,9.23,2,1
3,11.63,0.29,Organic,6.47,1,1
3,9.64,0.57,Paid,0.91,5,1
6,1.2,0.16,Direct,2.4,1,0.9
5,6.51,0.14,Organic,8.23,2,1
6,5.64,0.24,Direct,4.47,3,1
2,0.71,0.16,Organic,5.69,1,1
4,2.94,0.25,Direct,2.64,1,1
7,0.23,0.55,Paid,6.69,1,1
6,5.44,0.1,Organic,10.68,2,1
5,0.58,0.26,Social,1.42,1,1
4,0.22,0.45,Organic,2.52,2,1
3,1.53,0.32,Organic,4.47,2,1
3,2.58,0.19,Organic,3.06,4,1
7,5.79,0.19,Referral,4.4,1,1
7,10.98,0.44,Direct,5.07,3,1
6,1.74,0.2,Organic,3.07,3,1
6,0.19,0.22,Paid,2.18,3,1
7,4.15,0.27,Organic,3.78,3,1
8,2.5,0.3,Referral,1.07,0,1
6,1.78,0.06,Organic,1.99,0,1
3,1.11,0.22,Organic,2.73,2,1
7,2.09,0.05,Organic,3.55,2,1
5,1.24,0.11,Paid,8.77,0,1
5,4.24,0.21,Social,0.67,1,1
7,2.36,0.33,Paid,3.64,0,1
4,6.28,0.29,Organic,5.67,1,1
9,2.35,0.06,Paid,2.93,1,1
4,0.82,0.48,Social,2.25,0,1
5,5.71,0.2,Organic,3.28,1,1
2,2.44,0.33,Organic,2.3,2,1
6,0.7,0.15,Organic,1.49,5,1
3,2.93,0.32,Referral,1.82,0,1
6,1.33,0.51,Paid,1.84,0,0.9
2,5.58,0.28,Paid,14.26,3,1
3,1.81,0.16,Organic,4.1,6,1
5,3.89,0.14,Organic,3.14,2,1
3,0.3,0.23,Direct,1.56,1,1
4,1.51,0.28,Organic,9.79,1,1
5,12.27,0.09,Direct,5.45,1,1
6,4.96,0.18,Paid,5.94,2,1
3,0.52,0.53,Organic,8.9,2,1
3,0.98,0.19,Paid,2.31,1,1
4,1.2,0.03,Direct,9.05,0,1
5,3.15,0.14,Paid,4.38,2,1
4,4.24,0.25,Social,7.28,5,1
2,4.15,0.18,Organic,3.55,4,1
6,2.14,0.4,Paid,2.35,1,1
6,5,0.39,Social,5.88,3,1
8,1.72,0.02,Direct,1.35,2,1
1,0.4,0.25,Paid,5.42,2,1
6,2.49,0.12,Referral,0.21,3,1
2,9.13,0.1,Organic,0.85,1,1
5,4.73,0.59,Organic,1.74,6,1
2,2.59,0.16,Organic,3.02,5,1
6,3.12,0.11,Organic,6.08,2,1
4,8,0.32,Organic,1.93,3,1
3,1.68,0.48,Organic,4.8,2,1
5,1.21,0.09,Direct,3.12,0,1
6,11.35,0.12,Referral,7.01,0,1
3,5.97,0.29,Paid,1.59,1,1
4,1.17,0.63,Direct,2.66,3,1
8,1.87,0.3,Organic,8.02,2,1
4,1.61,0.57,Paid,1.44,2,0.8
10,0.48,0.64,Referral,5.27,4,1
4,9.5,0.33,Organic,0.56,0,1
5,1.55,0.38,Referral,8.51,2,1
10,6.25,0.18,Organic,1.76,0,1
3,0.63,0.42,Organic,1.91,7,1
4,2.38,0.14,Organic,1.05,1,1
7,0.07,0.13,Direct,5,1,1
5,4.33,0.45,Referral,3.83,4,1
10,2.61,0.17,Referral,1.52,3,1
4,2.95,0.31,Paid,3.34,2,1
2,0.16,0.39,Organic,13.34,1,1
3,0.71,0.17,Referral,6.91,1,1
5,0.23,0.1,Paid,7.98,2,1
8,1.02,0.04,Organic,1.86,1,1
4,2.96,0.14,Referral,1.63,3,1
3,2.51,0.65,Organic,0.66,2,1
8,2.84,0.14,Organic,4.3,0,1
6,2.39,0.04,Social,2.73,2,1
8,0.96,0.56,Referral,8.4,2,1
3,0.84,0.12,Referral,8,3,1
3,0.44,0.39,Paid,4.92,1,1
5,5.67,0.05,Organic,1.16,5,1
11,2.88,0.34,Referral,1.07,2,1
7,0.62,0.53,Referral,0.34,1,0.8
4,0.59,0.12,Paid,1.56,2,1
3,6.19,0.1,Direct,1.16,2,1
8,4.07,0.32,Direct,5.17,2,1
8,3.23,0.21,Paid,2.6,1,1
3,1.57,0.39,Social,2.17,1,1
3,0.91,0.49,Paid,3.12,2,1
6,11.65,0.28,Paid,3.52,3,1
2,4.79,0.53,Organic,2.01,4,1
7,1.08,0.44,Paid,2.68,1,1
5,5.64,0.11,Direct,5.54,1,1
5,4.27,0.24,Social,6.25,2,1
6,1.06,0.1,Social,1.14,0,0.9
1,1.67,0.38,Organic,2.92,3,1
10,0.62,0.34,Organic,9.03,4,1
2,0.35,0.24,Organic,9.17,2,1
5,3.85,0.18,Organic,8.43,2,1
4,0.93,0.17,Paid,4.56,4,1
5,5.15,0.15,Organic,2.79,0,1
4,16.28,0.28,Paid,0.41,2,1
5,0.24,0.12,Paid,1.39,1,0.8
6,1.92,0.2,Organic,3.17,1,1
1,4.86,0.13,Organic,5.67,0,1
3,4.67,0.64,Social,4.86,2,1
2,4.28,0.14,Organic,1.08,4,1
5,1.29,0.24,Organic,2.29,2,1
4,1.81,0.17,Social,8.67,2,1
7,2.71,0.38,Direct,2.9,0,1
7,10.94,0.32,Referral,4.91,3,1
2,1.19,0.61,Organic,2.4,1,1
6,7.7,0.31,Organic,0.63,3,1
7,0.94,0.25,Direct,3.96,6,1
2,13.55,0.15,Social,2.8,4,1
7,3.33,0.68,Paid,3,0,0.9
5,1.87,0.27,Organic,3.58,1,1
7,2.85,0.13,Organic,1.5,1,1
6,0.95,0.63,Organic,3.44,2,1
5,0.96,0.46,Referral,1.55,3,1
6,0.36,0.34,Organic,4.93,0,0.9
5,0.36,0.09,Direct,20.02,5,1
4,1.28,0.1,Organic,1.9,0,1
7,4.32,0.34,Referral,8.75,6,1
1,2.81,0.39,Organic,3.17,0,1
8,0.32,0.31,Paid,3.55,2,1
4,5.74,0.55,Organic,2.89,4,1
5,2.76,0.27,Social,1.85,3,1
3,9.72,0.16,Paid,2.24,1,1
7,3.33,0.67,Organic,10.76,3,1
2,0.58,0.16,Social,1.5,3,0.8
5,1.93,0.33,Paid,6.63,2,1
10,3.14,0.36,Direct,2.5,3,1
7,0.09,0.29,Direct,0.52,1,0.8
7,0.05,0.33,Direct,3.41,1,1
10,0.42,0.26,Organic,13.64,2,1
1,0.87,0.12,Organic,5.9,0,1
5,1.68,0.16,Direct,0.21,3,1
3,2.01,0.14,Paid,5.5,1,1
8,0.45,0.17,Organic,2.7,4,1
7,3.36,0.16,Social,1.2,2,1
3,2.72,0.79,Organic,2.4,4,1
1,1.05,0.25,Referral,1.27,1,1
5,0.04,0.13,Social,0.57,0,0.5
3,0.24,0.17,Social,1.72,1,0.5
6,1.49,0.05,Organic,2.05,3,1
3,0.5,0.26,Paid,2,2,1
4,1.42,0.28,Paid,2.35,3,1
5,2.97,0.7,Paid,1.88,2,1
8,2.38,0.23,Organic,3.28,0,1
7,0.79,0.35,Paid,8.62,2,1
5,1.26,0.18,Paid,0.64,1,0.9
4,2.86,0.39,Paid,4.36,1,1
6,5.92,0.44,Social,4.32,2,1
8,4.2,0.06,Paid,1.3,2,1
4,2.42,0.01,Organic,7.36,0,1
3,1.35,0.48,Referral,0.67,3,1
2,1.36,0.36,Social,5.53,1,1
3,6.35,0.08,Organic,3.58,2,1
9,0.12,0.41,Referral,1.24,2,1
5,13.26,0.08,Organic,8.73,2,1
4,3.28,0.32,Organic,0.63,1,1
7,3.43,0.21,Direct,7.59,2,1
8,0.12,0.5,Direct,1.9,4,1
4,2.79,0.41,Paid,2.71,2,1
4,1.99,0.16,Referral,1.17,5,1
8,0.34,0.42,Social,2.04,3,1
5,0.98,0.42,Direct,6.11,2,1
5,6.63,0.45,Paid,4.2,2,1
6,2.4,0.48,Paid,10.21,2,1
7,1.6,0.35,Paid,1.37,5,1
2,0.23,0.04,Organic,2.41,2,1
1,3.76,0.57,Paid,4.44,0,1
7,3.64,0.33,Social,4.45,7,1
5,2.86,0.23,Social,2.58,4,1
4,2.14,0.17,Social,1.05,1,0.9
4,1.71,0.56,Organic,7.81,5,1
3,2.7,0.34,Paid,1.38,0,1
8,0.8,0.79,Organic,1.96,3,1
7,8.5,0.12,Organic,2.6,0,1
1,2.67,0.02,Direct,4.13,4,1
2,1.12,0.3,Paid,1.24,2,1
4,1.79,0.37,Social,2.53,4,1
6,4.91,0.48,Organic,5.84,0,1
4,0.53,0.23,Paid,9.16,1,1
6,1.04,0.23,Referral,1.69,1,1
8,3.41,0.27,Organic,0.59,1,1
7,1.14,0.17,Organic,4.35,2,1
5,4.72,0.39,Organic,0.77,4,1
2,0.42,0.24,Referral,3.94,4,1
1,4.32,0.57,Direct,2.78,0,1
7,0.21,0.12,Social,2.62,2,1
4,0.04,0.19,Direct,1.31,3,1
1,6.85,0.24,Social,10.42,1,1
6,2.61,0.2,Social,2.3,0,1
5,1.3,0.4,Paid,5.42,0,1
8,0.79,0.22,Paid,3.47,0,1
5,2.88,0.16,Paid,4.89,2,1
4,2.13,0.32,Social,8.44,1,1
10,14.34,0.31,Organic,1.31,1,1
7,12.26,0.37,Organic,1.61,1,1
4,3.02,0.43,Direct,2.1,1,0.8
8,1.75,0.65,Organic,8.33,4,1
5,2.03,0.08,Direct,5.73,1,1
5,3.44,0.4,Referral,2.85,1,1
5,0.32,0.09,Organic,2.51,1,1
2,1.19,0.1,Referral,2.18,1,1
3,0.23,0.14,Social,4.31,3,1
4,0.23,0.03,Organic,8.05,2,1
9,0.65,0.21,Social,4.56,2,1
0,1.99,0.36,Social,3.3,3,1
5,4.61,0.09,Organic,5.06,2,1
5,1.99,0.51,Organic,1.89,1,1
5,1.23,0.12,Organic,9.07,3,1
5,0.26,0.02,Organic,9.06,0,1
4,2.4,0.08,Organic,3.15,4,1
9,0.95,0.09,Referral,1.75,3,1
6,2.86,0.46,Organic,1.75,3,1
2,11.34,0.39,Social,2.46,1,1
6,0.35,0.23,Organic,4.06,2,1
6,0.72,0.33,Paid,0.51,4,1
6,1.92,0.47,Referral,2.77,3,1
5,10.38,0.31,Social,5.95,1,1
2,4.43,0.29,Paid,2.34,0,1
5,6.86,0.46,Organic,1.57,1,1
3,1.22,0.13,Social,3.83,0,1
3,14.5,0.07,Organic,2.82,5,1
3,0.33,0.28,Organic,5.04,2,1
6,0.16,0.25,Paid,1.07,2,0.8
6,5.81,0.12,Social,3.92,2,1
4,7.86,0.42,Organic,8.05,0,1
5,0.28,0.19,Paid,4.04,1,0.9
5,0.36,0.17,Paid,1.72,0,0.8
7,0.1,0.34,Direct,0.26,2,1
5,0.33,0.18,Organic,1.43,5,1
3,0.7,0.04,Organic,2.57,1,1
4,10.53,0.31,Paid,0.64,1,1
7,3.31,0.16,Organic,3.04,3,1
5,4.52,0.29,Referral,2.53,1,1
7,4.49,0.2,Referral,1.12,1,1
8,2.3,0.23,Social,4.68,1,1
7,4.79,0.17,Social,5.45,2,1
5,2.72,0.4,Direct,9.59,3,1
8,1.13,0.05,Paid,2.64,2,1
4,2.47,0.11,Direct,1,2,1
6,2.29,0.18,Organic,1.2,3,1
8,5.2,0.29,Referral,7.35,2,1
6,12.01,0.14,Paid,3.46,2,1
3,1.59,0.27,Social,2.82,4,1
8,4.32,0.24,Paid,6.48,1,1
4,0.32,0.44,Social,1.82,3,1
7,4.5,0.39,Direct,8.41,4,1
2,1.39,0.44,Referral,2.05,2,0.6
10,0.12,0.11,Social,6.03,3,1
6,1.35,0.12,Organic,3.34,2,1
4,2.83,0.33,Organic,3.64,2,1
5,0.38,0.08,Direct,2.62,3,1
6,7.73,0.13,Referral,8.34,3,1
4,0.24,0.18,Paid,1.59,4,1
5,7.98,0.16,Organic,6.76,2,1
6,3.68,0.47,Organic,1.32,1,1
3,1.2,0.31,Organic,0.49,3,1
7,1.49,0.12,Paid,4.58,1,1
7,4.05,0.6,Organic,2.99,1,1
8,2.76,0.31,Organic,3.22,1,1
4,3.34,0.1,Paid,0.82,3,1
7,1.48,0.13,Paid,2.99,2,1
3,2.01,0.48,Organic,1.91,1,1
4,13.78,0.31,Paid,11.03,0,1
4,0.72,0.26,Direct,5.07,0,1
0,1.62,0.17,Paid,3.4,2,1
1,1.04,0.43,Social,6.17,1,1
1,4.35,0.05,Direct,2.45,2,1
7,4.33,0.1,Organic,3.53,2,1
5,1.04,0.15,Organic,2.39,1,1
5,0.25,0.1,Paid,1.98,5,1
8,0.03,0.32,Paid,4.02,0,1
3,1.67,0.46,Paid,6.14,4,1
5,1.58,0.6,Organic,3.13,3,1
3,13.37,0.1,Referral,1.54,3,1
5,1.9,0.31,Organic,2.69,0,1
1,0.89,0.25,Direct,1.93,5,1
7,6.66,0.31,Organic,2.41,2,1
2,2.03,0.41,Direct,2.05,0,0.8
4,2.74,0.21,Organic,5.14,1,1
6,0.3,0.57,Organic,12.8,4,1
7,1.45,0.47,Organic,2.33,2,1
9,8.66,0.28,Direct,3.38,5,1
4,2.67,0.34,Organic,2.06,5,1
1,1.27,0.08,Referral,1.75,2,1
4,2.95,0.08,Social,2.07,2,1
6,7.24,0.09,Referral,0.31,2,1
3,0.96,0.29,Organic,5.07,3,1
4,2.11,0.38,Direct,0.93,2,1
2,9.56,0.07,Social,4.44,0,1
6,0.57,0.23,Paid,3.21,1,1
8,3.82,0.09,Paid,2.92,2,1
7,2.86,0.27,Direct,5.22,2,1
2,3.42,0.21,Direct,4.22,1,1
6,1.3,0.32,Paid,5,5,1
9,1.13,0.33,Social,4.91,0,1
3,3.46,0.37,Organic,4.88,2,1
8,0.73,0.2,Organic,3.7,1,1
7,1.63,0.43,Organic,8.96,2,1
6,0.63,0.11,Organic,3.63,1,1
10,0.03,0.21,Referral,11.82,3,1
5,10.53,0.2,Paid,1.8,3,1
5,1.7,0.25,Organic,1.2,0,1
5,10.46,0.16,Paid,5.25,1,1
5,0.45,0.78,Organic,0.33,1,0.5
4,2.66,0.22,Direct,5.61,2,1
10,0.67,0.08,Social,0.74,7,1
3,4.68,0.15,Organic,2.96,2,1
2,4.59,0.15,Direct,5.59,3,1
6,0.36,0.24,Organic,0.83,3,0.7
4,7.29,0.2,Referral,2.71,1,1
4,0.65,0.15,Direct,5.93,0,1
8,2.85,0.56,Organic,0.37,1,1
5,12.73,0.16,Referral,3.75,1,1
4,6.42,0.33,Organic,2.06,1,1
7,9.41,0.3,Organic,7.44,1,1
4,1.26,0.32,Paid,2.35,5,1
2,0.33,0.22,Direct,12.96,5,1
2,0.63,0.23,Paid,3.38,2,1
3,2.08,0.47,Direct,3.07,3,1
3,4.73,0.18,Direct,1.93,3,1
8,0.49,0.29,Organic,2.43,2,1
6,3.23,0.29,Paid,5.34,0,1
0,1.17,0.35,Referral,2.6,2,0.9
8,1.25,0.55,Paid,1.86,2,1
5,3.25,0.12,Organic,0.91,2,1
4,1.89,0.32,Direct,2.23,2,1
5,5.01,0.29,Social,5.13,3,1
7,0.51,0.54,Paid,1.83,2,1
6,4.68,0.34,Referral,16.32,3,1
3,0.2,0.28,Organic,8.34,1,1
4,0.65,0.41,Paid,0.36,2,0.9
2,3.2,0.2,Direct,2.53,5,1
4,5.79,0.3,Social,2.14,0,1
1,0.87,0.22,Organic,0.56,1,0.8
9,1.19,0.5,Paid,2.21,3,1
3,2.31,0.1,Referral,2.2,1,1
1,0.71,0.36,Organic,5.52,2,0.8
5,5,0.51,Organic,6.46,3,1
4,4.46,0.26,Paid,5.63,1,1
6,0.47,0.38,Referral,8.17,2,1
5,1.87,0.05,Organic,3.34,5,1
8,4.47,0.41,Organic,3.33,3,1
5,1.23,0.46,Organic,5.27,1,1
7,3.01,0.25,Organic,2.23,3,1
4,0.15,0.26,Paid,3.86,4,1
1,2.81,0.29,Organic,3.72,3,1
5,0.5,0.15,Organic,4.3,2,1
4,5.33,0.14,Social,6.73,4,1
3,1.32,0.45,Organic,1.63,3,0.9
2,0.99,0.21,Paid,1.68,0,0.9
12,5.51,0.28,Direct,12.08,2,1
5,0.15,0.02,Referral,1.64,1,1
10,1.52,0.2,Referral,2.32,3,1
6,1.39,0.04,Paid,4.61,1,1
1,1.01,0.2,Organic,0.43,1,0.5
6,7.28,0.2,Referral,2.06,1,1
2,4.17,0.28,Referral,1.16,0,1
4,0.2,0.16,Organic,0.89,0,0.7
5,3.76,0.56,Paid,6.64,2,1
8,2.25,0.15,Direct,5.65,3,1
4,6.93,0.13,Organic,1.41,1,1
2,1.13,0.47,Paid,6.85,3,1
1,2.56,0.28,Paid,7.18,3,1
8,2.08,0.74,Social,8.17,1,1
8,2.02,0.17,Social,7.29,3,1
4,1.83,0.16,Social,3.93,1,1
1,0.69,0.05,Organic,2.28,2,1
9,4.23,0.22,Organic,5.61,3,1
4,1.8,0.27,Organic,2.44,1,1
2,9.55,0.06,Referral,4.07,6,1
4,0.91,0.31,Referral,2.2,5,1
3,3.44,0.18,Direct,3.07,2,1
8,8.48,0.21,Paid,1.12,1,1
9,3.27,0.25,Referral,5.36,1,1
4,6.15,0.28,Paid,4.26,1,1
4,5.27,0.11,Organic,0.79,0,1
5,1.34,0.19,Paid,2.46,2,1
11,2.75,0.28,Paid,6.1,1,1
8,0.51,0.38,Direct,1.41,1,0.9
6,2.3,0.3,Organic,1.45,3,1
2,0.79,0.23,Direct,2.68,1,1
8,4.08,0.13,Paid,1.84,4,1
7,2.25,0.58,Organic,9.13,2,1
6,1.59,0.67,Organic,1.83,1,1
5,0.94,0.12,Organic,2.07,0,0.9
3,19.93,0.25,Paid,0.19,2,1
5,0.22,0.67,Organic,2.61,0,0.9
3,0.13,0.19,Paid,5.56,2,1
3,0.73,0.35,Direct,5.22,1,1
7,10.63,0.34,Referral,5.4,0,1
4,11.62,0.32,Social,4.94,1,1
4,3.19,0.57,Organic,10.28,1,1
6,6.36,0.28,Paid,4,2,1
6,0.72,0.23,Organic,2.03,2,1
3,10.73,0.29,Social,2.15,0,1
4,0.46,0.23,Organic,2.52,1,1
6,0.32,0.4,Paid,1.68,4,1
6,0.36,0.1,Paid,4.29,1,1
6,2.55,0.17,Paid,5.8,0,1
6,4.56,0.25,Social,2.26,2,1
3,1.37,0.36,Organic,7.04,3,1
5,11.44,0.19,Organic,1.09,5,1
2,1.71,0.38,Social,0.43,3,1
5,0.49,0.22,Paid,2.19,2,1
3,1.88,0.69,Paid,0.49,4,1
3,3.41,0.31,Organic,1.53,0,0.7
5,5.36,0.59,Social,3.65,0,1
11,1.84,0.35,Direct,0.71,0,1
7,2.7,0.11,Referral,3.41,1,1
7,0.93,0.11,Social,1.88,0,1
4,3.11,0.24,Paid,4.91,4,1
1,12.8,0.44,Organic,0.85,2,1
4,0.15,0.18,Organic,1.88,4,1
5,6.53,0.07,Referral,1.64,4,1
4,2.48,0.61,Paid,3.66,0,1
4,0.87,0.1,Social,2.05,1,0.8
7,9.3,0.26,Referral,4.82,1,1
6,1.98,0.25,Direct,3.73,3,1
8,1.21,0.05,Paid,3.1,1,1
4,0.6,0.36,Paid,2.57,3,1
3,0.84,0.16,Organic,9.55,2,1
0,5.37,0.1,Paid,3.39,2,1
4,2.86,0.68,Social,4.18,1,0.9
1,7.33,0.47,Organic,4.12,0,1
4,0.79,0.25,Direct,2.06,1,0.7
3,0.39,0.62,Direct,0.42,1,0.7
5,0.02,0.09,Paid,9.03,1,1
6,2.13,0.21,Organic,2.3,7,1
6,19.14,0.3,Organic,4.03,2,1
4,3.56,0.43,Organic,9.4,3,1
4,1.11,0.32,Organic,2.13,4,0.9
5,6.28,0.21,Paid,2.7,2,1
1,4.57,0.07,Organic,7.33,1,1
9,0.05,0.27,Referral,1.95,0,1
7,5.09,0.14,Organic,1.19,2,1
5,1.07,0.1,Organic,0.66,2,1
4,0.49,0.3,Paid,15.28,2,1
5,0.77,0.26,Direct,8.68,6,1
4,1.9,0.18,Referral,0.22,1,1
1,1.66,0.56,Paid,5.42,4,1
3,1.02,0.32,Social,9.18,2,1
7,0.57,0.09,Referral,3.1,0,1
6,4.31,0.21,Social,2.38,4,1
10,13.85,0.59,Organic,2.52,2,1
4,4.51,0.44,Social,8.29,2,1
5,1.05,0.73,Organic,1.57,3,0.8
6,0.84,0.31,Direct,1.6,1,1
6,0.74,0.32,Organic,1.58,0,0.9
8,0.44,0.2,Direct,0.13,0,0.7
4,2.4,0.38,Direct,2.45,4,1
3,2.79,0.14,Organic,7.52,3,1
3,3.67,0.06,Direct,4.52,1,1
9,3.42,0.38,Organic,4.97,0,1
7,1.04,0.53,Organic,4.09,0,1
2,1.2,0.13,Paid,2.76,1,1
2,3.43,0.17,Direct,2.87,0,1
4,1.29,0.32,Paid,4.17,2,1
6,0.72,0.61,Paid,2.17,1,1
9,1.41,0.04,Referral,1.47,3,1
11,0.95,0.09,Direct,2.35,3,1
4,0.28,0.36,Social,1.01,0,0.9
7,5.32,0.33,Organic,1.68,3,1
7,5.75,0.03,Organic,6.64,2,1
3,0.74,0.34,Organic,2.72,2,1
7,0.2,0.22,Referral,4.06,2,1
5,4.03,0.14,Organic,4.54,5,1
2,0.71,0.09,Organic,3.32,4,1
9,1.5,0.2,Social,5.94,2,1
6,0.2,0.31,Organic,1.94,5,1
3,0.77,0.29,Paid,4.19,1,1
6,4.72,0.44,Organic,1.32,1,1
3,4.89,0.16,Organic,0.23,2,1
2,0.7,0.28,Organic,1.85,2,1
8,1.23,0.59,Paid,2.86,0,0.9
4,0.43,0.08,Social,1.4,2,0.3
5,0.23,0.26,Organic,9.03,1,1
4,14.55,0.24,Organic,2.96,2,1
3,3.2,0.25,Social,5.1,0,1
4,2.34,0.15,Social,7.75,3,1
3,4.35,0.23,Social,3.36,3,1
11,5.5,0.54,Direct,1.94,2,1
6,4.93,0.41,Social,1.18,0,1
5,0.05,0.59,Paid,0.68,1,0.9
5,0.62,0.44,Social,5.45,3,1
5,3.19,0.25,Paid,5.88,1,1
3,1.41,0.26,Organic,7.98,4,1
6,12.13,0.54,Organic,7.04,1,1
4,3.28,0.13,Organic,9.7,1,1
5,9.41,0.2,Organic,5.91,2,1
3,0.67,0.33,Organic,3.79,2,1
7,5.98,0.22,Organic,2.26,2,1
3,1.16,0.28,Social,3.03,3,0.9
6,13.69,0.19,Direct,3.32,3,1
7,0.51,0.23,Paid,8.78,2,1
1,2.18,0.1,Social,7.2,2,1
6,4.72,0.22,Organic,1.62,1,1
4,1.7,0.28,Direct,4.22,1,1
2,1.89,0.22,Paid,5.19,1,1
2,12.88,0.14,Organic,4.8,0,1
5,1.66,0.24,Organic,2.43,2,1
5,2.78,0.16,Organic,3.2,3,1
3,0.17,0.12,Organic,6.41,3,1
5,5.54,0.38,Organic,2.56,4,1
11,3.13,0.08,Organic,1.39,4,1
2,1.55,0.2,Organic,5.12,1,1
6,0.05,0.29,Organic,3.02,6,1
5,2.69,0.35,Direct,6.9,3,1
3,0.04,0.68,Organic,3.41,1,0.7
4,0,0.34,Organic,0.1,2,0.7
10,2.87,0.08,Referral,4.04,4,1
1,0.63,0.37,Social,4.39,2,1
8,0.64,0.45,Organic,7.17,2,1
3,3.18,0.27,Social,1.75,1,1
5,0.17,0.23,Organic,2.24,0,0.8
4,1.13,0.28,Organic,1.8,1,1
11,0.49,0.36,Organic,6.83,1,1
3,2.6,0.42,Referral,1.23,5,1
4,3.25,0.26,Organic,5.25,1,1
3,3.83,0.39,Referral,1.65,2,1
3,0.88,0.07,Organic,3.22,1,0.9
8,0.28,0.17,Referral,0.74,4,1
1,0.25,0.19,Organic,4.99,2,1
5,1.67,0.09,Paid,2.89,1,1
7,8.75,0.28,Paid,5.63,1,1
3,0.74,0.33,Referral,4.91,1,1
7,0.89,0.52,Organic,2.33,4,1
5,0.32,0.27,Social,1.71,3,1
7,2.79,0.37,Referral,3.43,0,1
5,3.42,0.36,Organic,2.08,0,1
7,3.09,0.22,Direct,10.72,0,1
5,5.92,0.32,Referral,3.35,1,1
4,2,0.13,Paid,7.5,1,1
5,0.43,0.48,Organic,4.1,3,1
11,1.02,0.53,Paid,2.85,3,1
7,3.26,0.34,Organic,1.62,2,1
6,2.85,0.36,Paid,4.35,4,1
3,2.27,0.12,Paid,1.38,1,1
0,3.45,0.44,Referral,3.7,2,1
10,3.04,0.22,Organic,4.44,0,1
5,6.39,0.38,Social,2.76,1,1
5,2.65,0.23,Organic,5.64,1,1
3,4.52,0.29,Paid,2.16,2,1
4,0.86,0.27,Social,6.2,2,1
2,3.4,0.11,Referral,7.45,3,1
2,6.97,0.57,Organic,4.26,2,1
7,1.46,0.27,Organic,5.56,1,1
3,4.53,0.41,Organic,4.85,2,1
1,3.87,0.32,Paid,4.23,2,1
3,0.18,0.09,Organic,4.23,2,1
7,2.61,0.06,Referral,1.23,2,1
5,0.42,0.04,Paid,6.58,1,1
5,10.26,0.16,Organic,3.17,0,1
4,5,0.2,Organic,3.45,0,1
5,0.35,0.2,Organic,3.04,2,1
5,0.39,0.42,Organic,1.68,3,1
3,2.71,0.21,Paid,2.77,2,1
3,1.27,0.03,Paid,7.76,2,1
6,0.11,0.19,Social,1.83,5,1
6,2.34,0.04,Organic,0.23,2,1
4,1.47,0.41,Direct,0.67,2,0.6
9,0.32,0.68,Organic,2.46,2,1
6,4.86,0.29,Organic,0.57,3,1
5,7.4,0.39,Referral,1.76,2,1
5,4.24,0.18,Social,6.94,2,1
4,5.19,0.25,Organic,9.17,4,1
10,0.73,0.19,Referral,0.79,2,1
6,0.92,0.62,Social,2.98,1,1
2,0.7,0.34,Social,2.61,3,1
4,4.35,0.03,Organic,5.79,1,1
3,8.86,0.22,Social,2.01,2,1
2,3.79,0.25,Social,5.7,1,1
5,6.4,0.34,Referral,9.25,2,1
6,3.05,0.27,Social,13.69,1,1
5,1.47,0.24,Direct,0.47,3,1
10,1.66,0.33,Paid,3.91,2,1
5,0.23,0.35,Organic,3.51,2,0.9
5,0.1,0.34,Paid,6.93,2,1
4,3.57,0.34,Organic,7.86,1,1
4,1.73,0.1,Organic,3.32,3,1
3,2.41,0.41,Paid,9.93,2,1
6,2.45,0.25,Organic,2.97,2,1
4,0.97,0.36,Referral,1.57,2,1
2,1.94,0.27,Social,5.74,0,1
9,1.91,0.33,Paid,1.16,2,1
5,1.48,0.39,Direct,5.52,3,1
9,5.16,0.09,Organic,5.7,2,1
5,1.8,0.19,Social,6.92,4,1
5,2.78,0.16,Social,2.97,2,1
1,6.78,0.05,Organic,6.48,2,1
5,6.03,0.32,Organic,0.38,4,1
8,6.63,0.08,Organic,4.72,1,1
6,0.94,0.58,Social,3.82,2,1
2,0.11,0.62,Social,7.58,1,1
5,0.91,0.11,Organic,13.61,2,1
5,0.98,0.3,Paid,10.78,3,1
4,7.2,0.34,Organic,0.82,2,1
6,3.14,0.33,Paid,3.53,2,1
5,0.26,0.33,Direct,2.12,2,1
6,0.44,0.6,Organic,1.43,2,0.8
5,0.51,0.34,Direct,4.63,2,1
4,2.99,0.17,Social,1.84,0,1
7,3.99,0.33,Direct,4.04,4,1
5,5.89,0.26,Organic,2.68,0,1
7,8.47,0.11,Organic,4.71,2,1
6,0.68,0.11,Organic,2.08,1,1
4,1.11,0.25,Referral,6.74,0,1
8,0.82,0.41,Referral,2.85,1,1
4,1.33,0.26,Organic,1.81,3,1
3,7.38,0.53,Social,3.25,1,1
5,2.57,0.45,Organic,5.11,1,1
10,4.02,0.3,Organic,2.03,4,1
6,2.02,0.46,Paid,3.42,1,1
4,0.09,0.34,Organic,3.09,3,1
3,0.2,0.39,Organic,1.41,3,1
3,2.32,0.02,Organic,6.54,3,1
5,3.81,0.13,Social,7.75,3,1
2,0.73,0.34,Social,5.1,1,1
6,3.84,0.17,Paid,8.8,1,1
2,4.99,0.28,Referral,2.49,0,1
5,1.59,0.35,Paid,2.66,1,1
2,4.12,0.43,Organic,5,1,1
6,1.55,0.02,Referral,1.84,1,1
3,3.4,0.47,Referral,0.6,4,1
5,4.33,0.3,Referral,7.52,0,1
2,14.46,0.14,Referral,1.99,2,1
6,1.27,0.26,Referral,7.35,6,1
6,1.59,0.41,Organic,5.57,3,1
7,0.54,0.12,Social,4.97,0,1
6,0.68,0.45,Organic,6.24,2,1
6,3.55,0.52,Social,2.39,2,1
4,7.47,0.25,Organic,7.39,2,1
4,1.51,0.13,Organic,9.97,3,1
7,0.59,0.18,Referral,7.3,0,1
5,1.01,0.33,Organic,1.46,5,1
5,1.82,0.28,Social,4.26,5,1
8,1.03,0.35,Paid,1.13,0,0.7
4,0.8,0.34,Referral,5.64,2,1
2,4,0.31,Organic,2.71,1,1
3,0.02,0.38,Organic,0.6,5,0.7
4,2.32,0.18,Organic,2.48,5,1
6,4.74,0.6,Referral,3.6,3,1
9,0.93,0.26,Referral,1.94,4,1
3,2.77,0.5,Paid,7.46,1,1
5,3.32,0.37,Direct,2.16,0,1
3,3.19,0.19,Referral,1.87,3,1
2,1.77,0.32,Direct,0.53,4,1
4,1.28,0.3,Organic,6.37,1,1
9,5.42,0.26,Organic,3.89,2,1
4,4.26,0.57,Organic,6.93,3,1
5,1.16,0.19,Organic,4.05,0,1
8,0.33,0.42,Paid,8.67,1,1
8,0.22,0.41,Paid,5.41,1,1
5,0.3,0.27,Paid,4.97,1,1
3,2.62,0.08,Referral,3.53,3,1
9,0.16,0.38,Direct,0.45,4,1
2,1.23,0.22,Social,2.06,2,1
8,4.2,0.1,Organic,1.7,1,1
7,1.05,0.33,Organic,3.47,4,1
6,4.32,0.1,Organic,2.44,5,1
9,4.1,0.33,Organic,6.78,2,1
3,0.85,0.41,Paid,6.24,1,1
6,3.91,0.21,Paid,2.87,2,1
7,4.13,0.52,Organic,3.89,1,1
7,1.52,0.23,Referral,1.96,1,1
5,0.71,0.64,Referral,5.44,0,1
5,2.21,0.18,Organic,5.02,2,1
1,7.63,0.47,Organic,10.44,2,1
7,3.06,0.34,Social,3.35,1,1
4,0.57,0.17,Paid,8.31,2,1
7,3.44,0.26,Organic,1.28,2,1
5,1.67,0.03,Organic,3.84,4,1
5,2.69,0.2,Organic,2.81,2,1
3,3.97,0.28,Organic,4.08,6,1
5,2.17,0.19,Social,4.54,2,1
5,5.05,0.09,Organic,0.93,0,0.9
4,3.84,0.3,Organic,6.79,1,1
3,2.86,0.19,Organic,6.79,3,1
3,0.49,0.3,Social,3.09,0,1
5,5.42,0.29,Organic,3.22,0,1
10,8.24,0.63,Organic,4.53,2,1
2,0.44,0.71,Paid,6.58,1,1
5,2.01,0.47,Paid,4.45,2,1
3,0.9,0.48,Organic,6.17,3,1
4,4.21,0.43,Organic,1.76,2,1
6,3.84,0.48,Social,8.52,0,1
3,0.46,0.62,Direct,2.43,2,1
4,6.29,0.09,Organic,5.06,2,1
4,0.6,0.26,Organic,3.55,1,1
5,4.79,0.33,Organic,3.92,0,1
8,1.83,0.63,Social,3.67,1,1
5,1.19,0.27,Paid,3,1,1
6,0.52,0.08,Social,8.97,0,1
3,0.55,0.4,Referral,1.56,1,1
4,3.25,0.03,Direct,2.77,4,1
5,2.4,0.09,Social,6.91,4,1
6,0.39,0.52,Social,6.87,2,1
7,0.36,0.21,Paid,4.21,5,1
5,0.23,0.19,Organic,1.8,1,1
2,4.09,0.39,Paid,4.2,3,1
6,3.73,0.21,Paid,1.84,3,1
4,0.18,0.4,Referral,1.38,3,1
2,2.46,0.38,Organic,3.84,1,1
4,0.27,0.28,Referral,0.8,0,0.7
2,7.02,0.26,Paid,8.22,3,1
3,7.13,0.37,Referral,2.15,2,1
4,3.59,0.12,Organic,3.01,2,1
7,7.82,0.27,Paid,2.07,2,1
5,5.01,0.12,Organic,1.26,3,1
5,5.29,0.32,Social,0.19,0,1
7,2.53,0.16,Paid,1.55,2,1
9,1.1,0.37,Organic,8.5,2,1
7,0.74,0.27,Organic,7.59,3,1
6,1.19,0.42,Referral,0.7,2,0.9
6,2.97,0.09,Organic,8.21,3,1
9,0.57,0.62,Direct,4.08,0,1
2,0.9,0.31,Paid,1.2,2,1
3,1.89,0.14,Organic,5.41,3,1
9,0.8,0.21,Referral,3.18,3,1
3,2.66,0.58,Organic,2.31,1,1
8,7.7,0.56,Social,2.46,2,1
5,4.14,0.45,Organic,5.27,1,1
4,3.29,0.09,Direct,5.74,2,1
9,2.62,0.11,Referral,1.79,2,1
2,2.01,0.14,Social,4.64,1,1
5,0.62,0.33,Organic,4.32,0,1
10,6.75,0.21,Organic,0.07,1,1
5,0.86,0.2,Referral,5.99,3,1
4,0.29,0.38,Referral,1.82,2,1
7,4.16,0.31,Organic,3.19,3,1
3,0.58,0.05,Organic,4.19,0,0.9
6,1.4,0.09,Organic,5.89,3,1
3,0.09,0.39,Referral,7.71,2,1
3,0.44,0.56,Organic,5.62,2,1
4,0.57,0.38,Organic,4.81,0,0.7
1,0.17,0.52,Organic,3.87,0,0.9
2,3.21,0.1,Paid,2.55,1,1
4,5.44,0.08,Organic,7.39,2,1
5,1.4,0.02,Direct,1.75,3,1
8,6.23,0.52,Organic,5.66,2,1
7,0.72,0.43,Direct,5.29,0,1
7,1.18,0.27,Paid,3.75,2,1
2,0.49,0.33,Organic,7.45,1,1
6,2.91,0.57,Organic,4.15,3,1
8,1.63,0.14,Referral,3.91,1,1
6,2.85,0.03,Referral,4.69,4,1
4,4.3,0.14,Paid,6.4,3,1
4,2.37,0.06,Organic,0.33,2,1
4,2.96,0.73,Direct,11.08,1,1
1,8.21,0.39,Direct,5.91,0,1
6,1.07,0.58,Paid,4.24,6,1
8,1.33,0.31,Referral,0.48,5,1
7,3.79,0.35,Paid,8.43,1,1
7,2.83,0.24,Organic,2.58,2,1
6,0.59,0.53,Organic,1.27,3,1
6,1.42,0.29,Paid,5.84,3,1
4,1.89,0.1,Social,2.03,8,1
3,1.63,0.43,Organic,7.06,2,1
6,0.59,0.29,Paid,0.82,3,1
3,7.75,0.29,Social,3.37,2,1
10,4.31,0.4,Organic,4.24,1,1
5,1.97,0.65,Organic,3.68,2,1
6,3.42,0.69,Social,1.92,1,1
6,6.83,0.62,Organic,3.64,0,1
4,0.44,0.35,Organic,0.55,2,1
6,0.86,0.44,Organic,4.22,4,1
5,2.35,0.2,Organic,2.61,1,1
3,4.81,0.39,Social,5.14,1,1
2,0.11,0.27,Referral,4.33,1,1
3,12.41,0.09,Paid,0.93,6,1
2,1.82,0.41,Paid,2.89,1,1
8,1.34,0.13,Direct,1.29,1,1
7,1.04,0.23,Organic,3.7,1,1
4,0.57,0.23,Organic,2.62,3,0.9
3,4.7,0.52,Direct,5.57,3,1
3,9.33,0.24,Direct,3.86,5,1
6,1.6,0.47,Organic,2.63,2,1
5,9.14,0.12,Organic,3.75,1,1
1,5.21,0.17,Paid,2.19,2,1
8,1.97,0.53,Organic,4.59,5,1
9,3.36,0.17,Referral,3.86,5,1
4,1.71,0.15,Organic,0.33,3,0.9
7,2.45,0.45,Organic,13.88,2,1
3,0.18,0.33,Paid,3.31,6,1
7,3.57,0.17,Direct,2.38,3,1
5,0.16,0.35,Paid,3.19,1,0.9
6,5.1,0.29,Organic,5.19,3,1
8,5.23,0.34,Direct,2.96,1,1
2,0.81,0.16,Paid,2.78,3,0.9
4,1.17,0.12,Organic,1.25,1,1
9,1.97,0.22,Organic,2.16,4,1
4,2.72,0.07,Organic,3.98,1,1
4,1.02,0.05,Paid,3.59,0,1
3,2.69,0.11,Paid,2.19,3,1
4,1.06,0.18,Organic,4.28,1,1
4,0.17,0.11,Organic,2.17,0,0.6
6,0.01,0.13,Organic,4.28,3,1
7,0.32,0.41,Paid,1.11,1,0.8
3,4.71,0.06,Organic,2.9,1,1
6,9.77,0.26,Organic,2.37,2,1
8,1.67,0.04,Direct,7.62,2,1
7,2.16,0.25,Paid,2.38,3,1
3,0.48,0.09,Organic,6.5,1,1
4,2.4,0.31,Referral,4.02,1,1
6,0.47,0.17,Organic,1.43,3,1
8,2.83,0.23,Referral,6.5,3,1
3,8.12,0.62,Referral,5.82,1,1
4,0.65,0.18,Referral,4.62,2,1
3,4.34,0.58,Referral,4.58,2,1
8,0.07,0.26,Organic,3.69,0,1
1,1.41,0.27,Referral,5,1,1
3,0.35,0.08,Organic,6.31,2,1
7,1.3,0.2,Organic,1.03,2,1
5,0.57,0.43,Direct,7.04,1,1
9,1.4,0.24,Paid,7.81,3,1
5,1.62,0.14,Direct,1.32,4,1
4,1.07,0.09,Organic,2.43,0,0.8
5,3.21,0.45,Paid,4.34,3,1
7,7.53,0.43,Organic,6.03,2,1
3,1.54,0.61,Referral,3.52,2,1
6,0.64,0.12,Organic,4.61,4,1
7,0.95,0.45,Organic,1.83,0,0.9
4,5.77,0.08,Organic,4.12,3,1
4,2.54,0.2,Referral,8.36,1,1
4,1.82,0.3,Organic,3.87,1,1
3,0.49,0.43,Social,5.51,2,1
4,1.79,0.09,Organic,2.02,2,1
2,0.98,0.61,Organic,1.73,1,1
7,8.6,0.27,Organic,10.56,0,1
6,6.46,0.12,Direct,4.37,3,1
7,0.26,0.34,Organic,5.86,5,1
5,2.18,0.52,Organic,7.32,0,1
4,0.76,0.21,Social,1.05,1,1
5,1.59,0.26,Organic,9.17,0,1
4,6.28,0.11,Referral,3.92,1,1
7,2.25,0.27,Organic,10.22,3,1
5,1.22,0.22,Paid,1.43,0,1
6,0.7,0.22,Organic,6.58,1,1
5,4.83,0.17,Paid,2.34,3,1
2,2.94,0.05,Social,3.11,1,0.9
4,1.89,0.18,Social,6.99,1,1
4,0.74,0.26,Paid,2.5,3,0.9
6,1.22,0.16,Direct,3.68,1,1
11,9.64,0.13,Organic,3.71,2,1
6,2.2,0.17,Organic,2.55,3,1
8,1.54,0.25,Referral,2.39,3,1
5,2.21,0.22,Referral,0.75,2,1
3,4.53,0.36,Organic,2.95,4,1
5,1.25,0.13,Referral,4.34,1,1
1,0.59,0.06,Organic,2.93,0,1
8,2.64,0.21,Referral,4.56,3,1
6,3.28,0.47,Social,15.49,2,1
4,3.74,0.21,Paid,6.81,4,1
7,6.41,0.5,Organic,3.64,1,1
1,1.39,0.61,Referral,5.91,1,1
7,0.24,0.07,Referral,5.94,2,1
3,9.54,0.31,Organic,0.47,1,1
9,1.71,0.71,Paid,8.89,3,1
4,2.93,0.45,Direct,3.66,2,1
2,3.29,0.46,Organic,4.38,4,1
4,2.37,0.17,Organic,0.41,1,1
6,0.69,0.18,Organic,4.64,1,1
2,4.22,0.31,Paid,4.05,3,1
1,4.89,0.42,Direct,1.9,3,1
7,2.42,0.27,Referral,2.69,0,1
7,2.01,0.47,Organic,2.13,2,1
6,0.36,0.55,Referral,2.37,3,1
8,0.26,0.06,Referral,3.79,2,1
7,1.24,0.52,Paid,5.29,0,1
5,1.12,0.49,Organic,7.59,2,1
6,9.22,0.23,Referral,4.48,2,1
6,4.59,0.12,Paid,3.38,4,1
7,3.24,0.43,Organic,6.06,1,1
6,2.19,0.27,Paid,2.86,2,1
3,0.55,0.29,Direct,2.92,1,1
3,11.51,0.15,Organic,3.01,6,1
1,1.41,0.16,Direct,1.33,0,0.8
5,0.34,0.29,Organic,4.7,2,1
3,2.04,0.4,Referral,3.9,3,1
9,6.21,0.18,Organic,2.66,1,1
8,6.55,0.51,Organic,2.06,3,1
4,0.03,0.4,Paid,3.09,1,1
2,6.52,0.41,Paid,3.13,1,1
3,0.95,0.67,Social,6.77,2,1
2,0.12,0.14,Referral,2.4,1,0.7
4,5.65,0.41,Paid,1.91,3,1
4,5.98,0.58,Direct,9.6,2,1
5,2.72,0.2,Paid,3.07,2,1
8,2.56,0.23,Organic,3.56,0,1
6,5.03,0.44,Organic,7.63,2,1
3,4.63,0.39,Organic,4.89,4,1
5,6.62,0.1,Referral,3.7,2,1
6,2.41,0.32,Organic,8.49,2,1
3,10.29,0.05,Organic,2.58,2,1
8,16.68,0.46,Organic,4.65,3,1
8,0.37,0.18,Paid,2.53,4,1
5,5.68,0.42,Organic,7.65,4,1
4,2.08,0.13,Organic,3.9,1,0.9
2,1.47,0.27,Paid,0.16,2,0.9
6,2.85,0.1,Social,2.32,6,1
5,0.17,0.13,Organic,7.27,6,1
6,2.12,0.12,Paid,0.62,2,1
7,6.14,0.15,Organic,2.43,4,1
3,0.72,0.45,Direct,0.6,2,0.6
9,1.67,0.23,Organic,0.67,0,1
2,8.41,0.29,Direct,1.49,0,1
0,1.68,0.23,Direct,4.36,5,1
6,1.33,0.06,Social,1.3,1,0.9
4,1.74,0.38,Organic,11.53,2,1
6,2.2,0.53,Paid,4.85,0,1
4,3,0.18,Organic,3.65,1,1
5,4.84,0.06,Social,1.06,2,1
2,1.8,0.17,Social,0.74,0,0.5
5,5.1,0.3,Direct,2.92,4,1
4,2.29,0.09,Referral,10.48,1,1
3,1.24,0.47,Paid,1.31,2,0.8
5,3.22,0.16,Paid,0.96,1,1
3,3.79,0.07,Organic,6.73,2,1
3,2.45,0.07,Paid,6.59,2,1
4,0.17,0.3,Referral,4.14,3,1
8,0.56,0.23,Direct,2.19,1,1
5,1.01,0.2,Paid,4.98,2,1
4,1,0.4,Social,0.96,0,1
4,3.36,0.35,Social,3.69,1,1
4,0.06,0.32,Paid,0.59,0,0.7
4,4.23,0.25,Organic,3.51,4,1
7,0.93,0.45,Referral,6.88,2,1
8,1.11,0.14,Paid,10.69,1,1
7,2.25,0.18,Organic,2.28,5,1
3,0.73,0.61,Organic,4.33,1,1
6,6.47,0.18,Direct,2,3,1
6,0.27,0.61,Organic,5.05,2,1
4,1.76,0.07,Referral,6.36,1,1
6,5.68,0.22,Social,5,1,1
9,2.87,0.54,Referral,2.07,3,1
6,1.04,0.21,Paid,1.47,2,1
4,1.64,0.43,Referral,1.68,0,1
6,3.68,0.4,Paid,3.5,1,1
7,10.86,0.14,Organic,0.88,0,1
4,6.71,0.04,Direct,2.25,2,1
3,1.26,0.22,Paid,4.92,2,1
4,18.96,0.36,Referral,4.05,2,1
5,0.01,0.24,Paid,1.24,3,1
3,0.08,0.22,Organic,6.44,4,1
5,5.21,0.04,Direct,2.91,2,1
3,0.67,0.3,Social,7.6,2,1
5,0.19,0.31,Organic,2.02,3,1
5,0.81,0.72,Direct,2.11,3,1
5,1.67,0.44,Referral,6.3,1,1
6,3.93,0.23,Paid,0.97,0,1
6,2.94,0.09,Referral,4.99,2,1
6,0.81,0.23,Organic,0.58,3,1
5,2.1,0.34,Paid,1.83,1,1
7,7.82,0.25,Organic,2.33,2,1
3,5.06,0.39,Paid,4.81,5,1
5,1.17,0.4,Paid,0.23,5,0.9
7,12.1,0.36,Social,5.32,3,1
2,3.7,0.2,Referral,2.18,4,1
8,0.19,0.36,Organic,8.15,3,1
4,0.11,0.46,Social,1.91,4,1
2,0.55,0.27,Paid,1.89,4,1
5,3.9,0.05,Referral,0.83,7,1
5,0.61,0.08,Organic,3.59,1,1
4,2.15,0.41,Social,9.98,2,1
6,0.29,0.21,Direct,2.68,3,1
8,7.61,0.67,Social,3.68,0,1
4,1.26,0.08,Direct,0.62,3,0.7
3,7.16,0.27,Organic,5.25,2,1
6,8.69,0.04,Social,2.47,2,1
4,0.02,0.12,Paid,2.17,1,0.6
2,1.87,0.39,Organic,1.56,0,1
3,0.07,0.49,Referral,1.88,2,0.8
1,7.18,0.14,Referral,4.96,2,1
9,2.19,0.42,Organic,5.96,2,1
5,0.23,0.45,Organic,0.51,2,0.8
3,0.35,0.12,Organic,1.08,2,0.9
4,1.45,0.26,Organic,3.41,4,1
3,8.45,0.64,Organic,1.11,2,1
4,3.54,0.21,Organic,1.36,3,1
6,6.07,0.19,Organic,1.64,2,1
4,1.37,0.3,Direct,4.3,3,1
2,0.13,0.08,Social,7.67,1,1
6,10.99,0.13,Organic,2.77,5,1
3,0.05,0.43,Direct,3.51,2,1
6,8.85,0.47,Referral,4.93,1,1
2,1.38,0.53,Paid,1.66,5,1
8,0.03,0.24,Paid,4.6,3,1
3,3.51,0.23,Paid,10.7,2,1
6,11.82,0.36,Organic,1.39,2,1
4,10.11,0.31,Organic,4.38,2,1
5,0.53,0.43,Paid,3.53,2,1
6,0.6,0.3,Paid,1.33,3,1
1,2.5,0.3,Social,6.19,1,1
5,3.04,0.13,Organic,2,1,1
7,4.03,0.09,Referral,1.19,2,1
6,0.6,0.35,Paid,2.12,2,1
6,9.58,0.22,Direct,4.68,0,1
7,3.05,0.1,Organic,2.09,3,1
4,5.63,0.37,Direct,0.3,0,1
3,2.33,0.59,Social,10.39,0,1
8,1.6,0.16,Referral,6.63,2,1
4,11.34,0.25,Referral,3.83,3,1
5,2.62,0.17,Organic,2.31,0,1
5,6.05,0.21,Direct,2.47,1,1
3,9.19,0.24,Organic,1.42,3,1
9,3.38,0.18,Paid,3.51,1,1
8,2.39,0.34,Organic,13.1,3,1
6,0.01,0.06,Paid,3,1,1
3,0.12,0.33,Referral,5.5,1,1
5,0.67,0.18,Direct,1.79,2,1
5,0.62,0.14,Paid,3.79,3,1
5,0.88,0.18,Direct,2.01,0,0.9
3,1.09,0.55,Paid,3.37,1,1
7,1.34,0.33,Organic,7.95,3,1
3,1.64,0.42,Organic,4.17,1,1
0,0.31,0.12,Referral,7.74,5,1
6,0.13,0.14,Organic,7.93,1,1
6,3.36,0.45,Paid,2.59,1,1
4,2.31,0.35,Organic,9.22,5,1
5,1.76,0.18,Paid,4.38,2,1
9,3.02,0.05,Referral,4.15,1,1
5,5.28,0.3,Paid,1.98,2,1
4,1.67,0.25,Organic,6.83,1,1
3,3.07,0.21,Organic,4.62,1,1
6,9.21,0.21,Organic,1.88,3,1
2,5.49,0.52,Organic,4.96,3,1
6,1.67,0.33,Paid,1.18,3,1
6,3.1,0.18,Referral,1.13,1,1
6,0.58,0.21,Organic,3.28,2,1
5,2.47,0.64,Paid,2.42,3,1
3,11.94,0.44,Paid,2.57,2,1
4,2.19,0.3,Organic,7.68,0,1
4,7.88,0.34,Paid,3.75,1,1
5,1.57,0.55,Organic,2.42,1,0.8
4,20.29,0.6,Paid,1.26,1,1
4,2.6,0.44,Social,4.36,3,1
5,0.13,0.24,Organic,5.08,1,1
5,2.65,0.26,Referral,5.33,0,1
5,0.96,0.65,Paid,2.72,3,1
7,0.1,0.41,Organic,0.67,2,1
3,5.16,0.09,Referral,7.88,3,1
2,0.97,0.46,Paid,1.2,2,0.8
4,4.78,0.25,Paid,2.75,2,1
4,1.02,0.4,Referral,5.41,2,1
6,0.65,0.11,Social,4.69,5,1
3,10.94,0.32,Direct,1.71,0,1
5,1.35,0.27,Referral,11.77,2,1
5,2.76,0.32,Social,2.7,2,1
5,2.82,0.17,Organic,3.85,2,1
5,2.47,0.24,Paid,4.03,2,1
3,7.38,0.25,Organic,4.75,0,1
10,3.37,0.32,Organic,4.84,3,1
5,1.55,0.4,Paid,2.25,1,1
4,5.95,0.28,Referral,0.1,0,1
4,0.6,0.51,Paid,4.25,3,1
7,2.36,0.41,Referral,1.01,1,1
3,9.02,0.22,Paid,3.47,1,1
6,2.95,0.25,Paid,5.01,4,1
2,5.09,0.15,Organic,3.81,1,1
4,3.18,0.22,Organic,2.4,4,1
4,5.49,0.22,Organic,2.87,2,1
4,8.67,0.45,Referral,10.88,2,1
8,0.96,0.14,Organic,3.32,1,1
5,0.56,0.28,Organic,1.01,2,1
8,1.98,0.23,Referral,1.42,0,1
5,3.63,0.32,Paid,6.44,1,1
7,0.77,0.32,Paid,0.85,7,1
8,0.01,0.25,Organic,1.96,4,1
3,1.26,0.19,Paid,4.6,2,1
4,10.41,0.64,Social,3.23,0,1
6,3.56,0.26,Social,3.25,4,1
4,1.54,0.66,Referral,7.51,2,1
4,0.64,0.34,Organic,0.44,2,0.7
6,1.32,0.2,Referral,4.71,1,1
2,0.56,0.22,Organic,9.48,3,1
4,0.34,0.11,Organic,2.63,3,1
2,7.12,0.37,Organic,2.49,1,1
8,18.16,0.05,Social,4.17,2,1
7,0.54,0.33,Referral,3.19,1,1
2,0.17,0.15,Referral,5.29,0,1
5,1.2,0.3,Referral,2.89,4,1
6,1.86,0.3,Organic,3.58,1,1
7,0.69,0.16,Paid,0.91,4,1
7,1.08,0.2,Referral,3.5,3,1
7,0.67,0.48,Referral,3.07,1,0.7
6,4.47,0.5,Social,9.33,3,1
5,3.74,0.28,Organic,5.78,1,1
5,3.02,0.39,Social,4.01,0,1
8,1.47,0.58,Paid,4.6,2,1
7,7.19,0.27,Referral,3.25,0,1
4,10.47,0.11,Paid,3.1,3,1
5,0.57,0.51,Direct,5.28,2,1
8,0.76,0.12,Organic,1.87,2,1
5,2.24,0.13,Referral,2.14,2,1
2,0.29,0.39,Paid,0.65,4,0.5
3,1.72,0.13,Organic,2.65,0,0.8
7,2.62,0.07,Organic,3.22,0,1
3,2.21,0.22,Social,4.28,2,1
8,1.21,0.11,Organic,1.03,3,1
1,2.35,0.42,Organic,3.44,3,1
5,9.57,0.34,Direct,5.22,1,1
3,0.69,0.56,Referral,1.48,1,0.9
5,3.19,0.35,Organic,7.75,0,1
5,0.13,0.27,Paid,2.17,2,1
2,0.21,0.66,Paid,13.23,2,1
7,2.41,0.25,Social,8.9,4,1
2,0.33,0.08,Referral,2.06,3,0.9
4,0.07,0.4,Social,6.46,0,1
5,0.56,0.24,Organic,6.72,2,1
4,2.5,0.29,Referral,2.56,2,1
4,3.65,0.15,Organic,4.18,1,1
5,0.68,0.18,Organic,2.24,5,1
4,3.31,0.24,Referral,1.34,0,1
4,0.6,0.1,Organic,7.97,0,1
5,2.85,0.2,Paid,2.98,3,1
7,1.59,0.27,Social,4.33,2,1
6,3.18,0.41,Organic,7.61,3,1
6,15.93,0.11,Organic,6.86,3,1
8,8.33,0.19,Referral,2.45,1,1
5,0.01,0.12,Direct,1.89,4,0.8
2,6.5,0.27,Referral,0.4,4,1
4,0.21,0.18,Paid,6.31,0,1
6,9.18,0.12,Organic,3.22,3,1
3,0.99,0.36,Organic,1.18,5,1
3,1.44,0.39,Referral,3.11,2,1
5,0.29,0.27,Organic,9.13,0,1
5,0.36,0.84,Social,9.32,1,1
6,3.89,0.32,Paid,0.96,1,0.9
2,8.67,0.12,Paid,1.85,3,1
6,2.83,0.38,Social,9.51,1,1
4,3.77,0.27,Social,2.31,0,1
3,4.31,0.29,Referral,2.37,2,1
4,0.91,0.49,Direct,0.64,2,0.8
2,0.14,0.16,Direct,2.93,0,1
6,0.01,0.07,Direct,6.65,2,1
8,1.3,0.17,Social,0.64,3,1
5,0.83,0.29,Referral,1.37,0,0.9
6,0.19,0.13,Referral,7.42,1,1
5,0.59,0.39,Organic,5.23,2,1
5,0.4,0.36,Organic,2.14,1,1
6,7.39,0.14,Organic,15.12,0,1
4,0.45,0.26,Organic,5.13,1,1
4,2.31,0.67,Paid,9.48,1,1
5,2.7,0.42,Organic,3.32,2,1
5,2.35,0.23,Direct,1.99,1,1
4,0.31,0.33,Social,2.71,5,1
4,1.15,0.18,Organic,0.88,3,1
7,0.16,0.2,Organic,6.14,1,1
5,1.51,0.8,Social,2.61,2,1
4,0.63,0.07,Social,3.94,3,1
3,2.47,0.35,Direct,2.25,2,1
9,3.54,0.33,Direct,3.87,3,1
6,2.28,0.31,Direct,0.57,3,1
6,1.71,0.3,Paid,4.28,3,1
4,1.47,0.54,Organic,1.39,2,0.8
7,5.53,0.21,Social,2.51,1,1
6,0.74,0.34,Organic,2.22,2,1
6,3.98,0.02,Social,4.14,0,1
2,4.25,0.14,Paid,0.85,2,1
6,1.63,0.3,Social,2.2,2,1
4,1.06,0.12,Organic,7.49,1,1
7,1.91,0.35,Paid,1.16,2,1
8,0.29,0.36,Paid,0.76,2,1
6,0.14,0.34,Direct,1.89,2,1
3,0.36,0.24,Organic,1.63,4,1
4,0.62,0.23,Direct,10.7,2,1
5,2.1,0.06,Social,5.55,3,1
3,5.67,0.29,Referral,0.71,1,1
5,0.81,0.37,Social,2.72,3,1
8,8.21,0.3,Referral,3.9,1,1
8,9.3,0.34,Organic,2.61,2,1
5,9.58,0.06,Organic,0.31,0,1
5,5.45,0.42,Social,4.55,2,1
8,1.36,0.16,Referral,1.12,2,1
5,0.23,0.22,Organic,0.48,0,1
4,2.52,0.5,Referral,0.56,2,1
3,2.45,0.32,Paid,2.42,0,0.9
7,5.69,0.61,Organic,3.52,2,1
4,16.56,0.21,Paid,0.54,5,1
4,2.13,0.3,Organic,2.39,1,1
5,1.27,0.32,Organic,1.48,2,0.8
3,0.62,0.22,Paid,5.81,3,1
5,0.01,0.1,Paid,1.95,2,0.8
4,2.13,0.16,Organic,6.11,1,1
6,2.43,0.07,Paid,4.3,1,1
5,5.23,0.18,Organic,1.31,1,1
5,2.11,0.18,Organic,2.9,0,1
2,7.45,0.36,Organic,2.34,3,1
5,2.97,0.66,Organic,6.36,0,1
3,5.5,0.34,Organic,4.68,1,1
3,0.48,0.11,Social,3.26,0,1
5,5.8,0.51,Paid,2.93,2,1
4,3.37,0.31,Organic,2.66,2,1
3,0.56,0.05,Organic,2.5,1,1
4,0.63,0.84,Organic,4.17,2,1
2,7.83,0.33,Social,14.32,1,1
6,0.1,0.35,Organic,4.01,4,1
7,1.86,0.12,Organic,3.3,1,1
3,1.13,0.31,Paid,4.35,1,1
5,3.28,0.4,Paid,0.48,3,1
4,5.49,0.37,Organic,2.55,3,1
6,1.34,0.16,Referral,6.85,4,1
6,1.67,0.26,Organic,1.87,2,1
2,12.04,0.39,Organic,5.93,1,1
2,4.6,0.27,Referral,3.23,2,1
5,6.83,0.31,Referral,3.29,4,1
2,1.73,0.06,Referral,1.16,0,0.8
7,0.8,0.1,Organic,3.49,1,1
4,1.59,0.27,Paid,2.97,1,1
5,3.78,0.09,Organic,1.95,2,0.9
7,0.35,0.46,Referral,8.76,2,1
5,0.95,0.17,Paid,10.13,4,1
7,0.14,0.2,Organic,1.48,2,1
1,1.7,0.28,Referral,1.87,1,1
3,5.27,0.21,Referral,7.05,1,1
4,0.07,0.17,Organic,1.92,2,0.7
9,3.37,0.47,Social,4.12,1,1
4,8.09,0.35,Social,2.4,5,1
5,0.81,0.57,Organic,2.86,2,0.9
6,3.55,0.75,Direct,1.9,2,1
6,11.08,0.32,Paid,5.15,1,1
3,9.83,0.42,Referral,12.91,3,1
3,0.8,0.24,Social,3.27,1,1
5,0.32,0.38,Paid,4.05,2,0.9
7,0.48,0.44,Organic,3.55,0,0.8
6,3.63,0.15,Direct,0.55,0,1
6,3.88,0.15,Organic,2.22,4,1
4,3.36,0.08,Organic,1.44,0,1
7,1.23,0.3,Organic,5.23,0,1
4,0.56,0.18,Social,1.77,1,1
8,2.61,0.42,Direct,6.73,2,1
5,1.98,0.68,Organic,1.24,3,0.6
5,3.92,0.27,Social,5.79,1,1
4,1.75,0.06,Organic,1.21,2,1
5,1.24,0.45,Direct,3.97,4,1
2,1.04,0.24,Paid,1.69,2,0.8
3,0.71,0.2,Organic,1.79,1,1
7,0.93,0.18,Organic,11.73,1,1
5,0.3,0.07,Organic,1.51,1,1
6,1.28,0.45,Organic,3.29,2,1
7,0.11,0.56,Social,6.28,2,1
2,0.62,0.34,Organic,0.61,1,0.9
7,4.12,0.36,Direct,4.48,0,1
5,1.18,0.07,Referral,10.04,2,1
5,3.31,0.1,Referral,1.33,2,1
7,3.79,0.38,Organic,2.53,2,1
6,2.61,0.1,Social,2.21,2,1
5,9.56,0.43,Referral,6.54,2,1
0,0.07,0.51,Social,2.82,1,0.9
7,4.03,0.49,Direct,6.3,1,1
5,9.57,0.23,Organic,9.31,3,1
5,5.95,0.47,Organic,9.94,1,1
6,0.55,0.52,Social,10.58,2,1
8,1.19,0.23,Social,1.77,2,1
4,0.57,0.1,Paid,8.78,2,1
6,2.76,0.47,Organic,5.36,5,1
4,3.74,0.19,Referral,4.9,0,1
1,1.14,0.23,Organic,3.73,2,1
3,2.33,0.44,Organic,3.63,4,1
4,3.52,0.49,Paid,3.03,1,1
5,1.64,0.16,Organic,2.73,2,1
4,5.77,0.45,Paid,2.82,1,1
5,4.43,0.4,Direct,1.23,1,1
2,0.2,0.28,Social,7.02,1,1
2,2.91,0.2,Direct,0.96,0,1
5,0.8,0.24,Social,10.93,0,1
5,2.45,0.35,Organic,0.77,2,1
5,9.43,0.18,Social,1.93,0,1
6,6.34,0.43,Direct,4.52,2,1
4,1.56,0.58,Direct,2.93,1,1
9,1.03,0.09,Referral,4.81,0,1
7,0.8,0.14,Organic,2.3,6,1
2,2.28,0.2,Organic,2.35,0,1
3,0.36,0.14,Organic,2.43,2,1
4,2.39,0.33,Direct,4.59,2,1
6,0,0.34,Paid,3.69,2,1
7,1.17,0.24,Social,3.88,1,1
4,0.75,0.18,Paid,15.1,2,1
5,10.64,0.23,Referral,0.52,1,1
5,3.9,0.15,Organic,2.44,2,0.8
3,1.29,0.68,Organic,1.11,2,1
3,0.29,0.24,Paid,3.66,3,1
7,2.18,0.32,Referral,5.52,1,1
3,0.72,0.58,Organic,1.71,2,0.8
8,2.31,0.11,Social,0.36,1,1
8,5.41,0.17,Organic,5.39,2,1
5,2.87,0.1,Social,1.33,3,1
5,3.01,0.45,Organic,1.77,3,1
3,2.34,0.32,Referral,1.68,0,1
3,7.86,0.06,Organic,2.18,5,1
6,8.06,0.4,Social,2.73,4,1
5,2.16,0.15,Paid,2.99,0,0.8
4,1.09,0.45,Referral,1.5,2,1
6,1.85,0.34,Direct,1.9,3,1
3,0.62,0.29,Organic,0.56,1,0.7
12,3.03,0.42,Organic,4.64,5,1
1,2.08,0.25,Social,4.53,3,1
6,0.33,0.04,Referral,1.23,1,0.9
1,0.66,0.37,Organic,6.36,1,1
6,1.96,0.04,Paid,2.27,2,1
1,6.56,0.5,Organic,1.7,4,1
4,2.51,0.17,Organic,0.86,2,1
3,3.43,0.3,Paid,1.02,1,0.8
3,1.24,0.42,Social,1.67,2,1
5,2.54,0.23,Paid,7.3,3,1
5,1.78,0.01,Paid,1.67,1,1
5,3.23,0.21,Social,4.85,2,1
9,0.16,0.13,Organic,3.82,5,1
3,2.04,0.29,Referral,6.43,0,1
3,1.05,0.23,Social,0.2,2,0.9
6,1.18,0.19,Organic,1.15,0,1
6,9.73,0.23,Organic,4.68,0,1
3,0.61,0.36,Direct,6.36,0,1
7,1.12,0.28,Direct,7.13,2,1
4,2.14,0.19,Organic,2.42,1,0.9
1,5.96,0.55,Organic,1.72,3,1
7,1.62,0.12,Organic,8.53,2,1
7,4.09,0.74,Organic,2.86,2,1
2,5.82,0.21,Paid,0.88,2,1
5,1.11,0.56,Referral,3.56,5,1
6,1.5,0.29,Social,2.45,4,1
9,1.32,0.07,Organic,1.68,4,1
3,5.37,0.45,Social,2.89,1,1
4,0.14,0.21,Organic,2.46,0,1
10,1.11,0.66,Organic,0.85,2,1
4,3.41,0.55,Paid,3.39,7,1
4,2.5,0.3,Organic,1.38,1,1
4,1.72,0.09,Organic,2.71,1,1
7,2.33,0.27,Social,9.28,2,1
8,0.66,0.1,Organic,7.43,1,1
6,1.69,0.29,Referral,9.48,1,1
6,2.09,0.64,Organic,6.62,0,1
3,6.94,0.13,Organic,1.72,1,1
5,0.91,0.17,Paid,14.69,0,1
6,6.07,0.53,Social,1.12,2,1
2,3.1,0.25,Paid,6.41,6,1
8,0.06,0.26,Referral,1.02,1,1
5,3.87,0.24,Direct,1.6,7,1
4,0.11,0.16,Social,5.62,1,1
4,17.84,0.3,Organic,3.48,2,1
2,6.18,0.18,Referral,1.43,1,1
5,1.06,0.08,Paid,3.27,4,1
5,0.89,0.35,Referral,3.43,3,1
4,1.44,0.33,Paid,3.28,2,0.9
2,1.32,0.28,Organic,8.6,1,1
4,1.4,0.26,Paid,1.25,3,1
4,1.15,0.27,Paid,2.36,3,1
1,2.91,0.47,Paid,0.46,2,0.9
8,0.54,0.07,Social,3.3,2,1
4,5.61,0.07,Social,5.59,3,1
10,5.02,0.66,Paid,6.48,4,1
6,1.94,0.71,Paid,0.87,3,1
3,5.75,0.3,Paid,3.87,3,1
6,0.85,0.49,Paid,7.27,4,1
4,0.05,0.2,Direct,1.7,3,0.9
3,2.9,0.53,Referral,17.41,2,1
2,1.84,0.11,Organic,4.49,2,1
3,2.51,0.29,Paid,0.23,3,1
5,6.89,0.2,Referral,2.65,2,1
3,10.51,0.02,Referral,2.33,1,1
4,3.02,0.08,Paid,2.89,2,1
3,4.33,0.21,Organic,8.42,1,1
6,0.26,0.22,Organic,4.59,0,1
5,0.53,0.28,Organic,0.99,1,0.7
5,3.96,0.52,Paid,3.88,1,1
4,1.69,0.15,Organic,6.18,2,1
4,1.77,0.21,Social,0.35,5,1
6,1.11,0.36,Organic,1.58,1,1
4,2.8,0.22,Direct,5.2,2,1
6,0.61,0.31,Organic,10.38,1,1
4,2.96,0.24,Organic,0.94,4,1
5,0.57,0.54,Paid,5.64,0,1
5,0.2,0.41,Organic,8.48,1,1
4,1.2,0.4,Direct,1.95,3,0.7
5,0.79,0.08,Organic,6.02,1,1
3,6.59,0.15,Paid,2.36,1,1
4,0.17,0.51,Direct,3.04,2,1
6,0.58,0.31,Organic,4.17,0,0.9
6,2.39,0.32,Organic,7.81,1,1
1,1.97,0.11,Organic,12.52,3,1
3,0.14,0.06,Paid,2.2,3,1
4,0.02,0.69,Organic,1.32,3,1
6,13.29,0.24,Paid,7.59,1,1
4,3.23,0.58,Social,5.68,3,1
3,1.36,0.57,Social,4.51,0,1
14,1.91,0.3,Organic,6.34,3,1
5,0.93,0.09,Organic,2.39,3,1
4,1.27,0.19,Organic,4.55,1,1
5,3.14,0.47,Paid,8.9,1,1
5,6.43,0.19,Organic,1.97,4,1
7,0.61,0.64,Social,6.04,0,1
7,5.5,0.08,Referral,2.64,4,1
7,0.39,0.55,Organic,7.38,1,1
2,0.73,0.23,Referral,8.37,3,1
5,0.11,0.33,Organic,3.11,1,1
3,0.46,0.39,Organic,4.07,2,1
7,7.48,0.32,Organic,1.7,1,1
2,1.85,0.11,Organic,4.85,1,1
6,0.24,0.44,Referral,0.91,2,0.8
4,9.64,0.46,Paid,4.8,2,1
8,6.34,0.33,Organic,5.39,1,1
5,4.22,0.07,Direct,3.9,1,1
1,8.13,0.3,Paid,1.83,4,1
2,0.75,0.2,Organic,8.26,1,1
3,5.43,0.09,Organic,1.82,2,1
6,3.51,0.17,Paid,9.28,2,1
8,6.12,0.58,Direct,3.83,0,1
4,4.78,0.3,Paid,12.64,2,1
3,1.28,0.38,Direct,6.6,0,1
6,4.47,0.36,Paid,1.9,1,1
6,0.91,0.23,Paid,5.39,2,1
8,1.2,0.16,Paid,6.2,3,1
6,0.34,0.21,Referral,4.12,0,1
6,8.2,0.38,Organic,3.38,1,1
5,1.03,0.63,Social,8.58,2,1
4,2.21,0.09,Organic,1.67,0,1
5,1.49,0.17,Paid,3.74,3,1
5,9.65,0.33,Paid,24.8,1,1
6,1.22,0.28,Referral,3.83,3,1
11,4.52,0.49,Organic,3.74,4,1
8,5.8,0.3,Paid,0.99,3,1
7,1.72,0.41,Paid,8.28,1,1
7,1.43,0.5,Referral,7.55,3,1
4,4.13,0.35,Social,2.67,1,1
8,7.32,0.45,Referral,8.52,1,1
6,4.22,0.59,Organic,2.44,1,1
2,0.77,0.2,Direct,2.63,3,1
4,6.58,0.39,Social,3.79,0,1
0,1.47,0.06,Organic,1.84,2,1
6,2.58,0.17,Organic,2.13,0,1
0,5.34,0.43,Organic,5.69,3,1
7,0.63,0.51,Paid,0.98,5,1
9,4.6,0.11,Social,3.82,2,1
7,2.72,0.31,Social,5.51,1,1
2,6.71,0.73,Social,5.04,3,1
4,0.57,0.42,Organic,8.25,2,1
8,1.64,0.06,Paid,1.11,2,0.9
5,5.37,0.42,Organic,0.57,2,1
5,0.06,0.11,Organic,2.07,3,1
6,0.36,0.26,Referral,10.58,4,1
2,13.99,0.18,Organic,3.01,1,1
4,0.99,0.12,Referral,5.75,1,1
7,11.13,0.17,Referral,5.52,3,1
3,0.6,0.23,Social,2,0,0.8
6,1.34,0.33,Organic,1.13,3,1
2,4.19,0.31,Social,2.31,1,1
8,3.22,0.42,Direct,4.71,0,1
10,2.61,0.39,Social,3.64,1,1
5,2.26,0.34,Social,3.95,0,1
4,5.56,0.05,Referral,1.78,0,1
4,0.8,0.3,Paid,3.75,2,1
8,1.75,0.14,Referral,0.93,2,1
9,0.51,0.28,Referral,2.32,1,1
7,2.72,0.1,Referral,1.14,0,1
7,0.87,0.4,Social,3.83,4,1
3,1.22,0.54,Paid,3.01,1,0.9
8,1.91,0.09,Organic,2.06,3,1
7,0.08,0.32,Paid,1.62,1,0.9
2,0.29,0.42,Organic,2.65,0,0.8
5,3.47,0.35,Organic,2.16,0,1
7,1.68,0.09,Organic,4.4,1,1
6,6,0.2,Organic,7.06,2,1
1,3.56,0.2,Social,5.24,1,1
3,0.02,0.43,Paid,5.66,2,1
4,2.88,0.3,Organic,0.2,2,1
4,0.3,0.39,Paid,3.4,2,0.8
3,4.56,0.36,Organic,3.94,1,1
7,14.31,0.29,Paid,6.3,3,1
9,2.27,0.23,Paid,6.73,1,1
4,3.44,0.16,Direct,8.14,2,1
3,0.81,0.08,Organic,2.2,0,0.9
4,1.73,0.07,Referral,2.42,5,1
4,5.82,0.28,Social,0.16,3,1
6,0.55,0.48,Direct,1.27,6,0.8
3,0.93,0.31,Organic,4.47,1,0.8
10,1.77,0.36,Paid,3.99,1,1
5,3.74,0.29,Organic,4.33,1,1
5,1.41,0.04,Paid,4.28,0,1
3,7.88,0.29,Organic,0.87,4,1
2,0.3,0.32,Social,6.91,0,1
7,1.39,0.52,Organic,2.99,2,1
5,3.7,0.59,Paid,3.93,4,1
4,0.77,0.26,Paid,5.68,3,1
6,3.2,0.47,Direct,11.06,2,1
5,0.54,0.45,Referral,5.49,1,1
4,0.17,0.15,Organic,1.77,2,1
7,0.39,0.1,Organic,12.73,2,1
4,7.98,0.24,Organic,3.46,1,1
2,2.41,0.2,Social,3.57,2,1
3,4.77,0.34,Referral,8.31,2,1
8,1.21,0.41,Referral,1.14,0,0.7
5,2.69,0.22,Organic,4.93,0,1
6,2.05,0.34,Social,6.05,5,1
2,8.74,0.18,Referral,3.18,1,1
3,4.13,0.13,Direct,6.01,7,1
3,3.93,0.08,Paid,10.78,1,1
7,0.14,0.04,Organic,0.7,4,0.7
5,2.39,0.08,Organic,1.72,2,1
2,1.89,0.23,Organic,0.33,0,0.7
2,7.89,0.18,Referral,1.09,4,1
7,0.89,0.19,Referral,2.79,2,1
8,0.94,0.62,Organic,2.41,2,1
4,1.59,0.54,Organic,2.16,1,1
4,0.84,0.36,Organic,8.25,0,1
4,0.41,0.26,Direct,8.43,1,1
3,5.84,0.21,Organic,9.74,3,1
4,2.45,0.47,Organic,3.81,2,1
6,5.93,0.47,Organic,15.05,4,1
5,5.34,0.28,Paid,5.04,0,1
5,0.99,0.17,Referral,4.6,0,1
3,2.38,0.28,Social,4.87,3,1
6,0.26,0.19,Organic,5.03,1,1
4,7.4,0.08,Referral,2.55,4,1
2,1.55,0.42,Organic,5.6,3,1
5,1.5,0.29,Direct,7.95,3,1
7,1.08,0.08,Organic,0.57,1,0.9
8,1.85,0.39,Organic,4.4,5,1
0,0.87,0.06,Paid,0.27,1,0.4
5,1.41,0.12,Organic,7,1,1
4,4.83,0.43,Organic,4.18,2,1
6,5.39,0.26,Referral,3.58,0,1
4,1.09,0.36,Referral,0.18,1,1
7,1.9,0.37,Paid,2.26,1,1
2,6.21,0.57,Referral,2.51,0,1
3,0.16,0.35,Paid,6.86,5,1
3,6.6,0.04,Referral,2.81,4,1
5,0.74,0.4,Paid,3.06,0,0.9
6,3.4,0.32,Referral,6.55,1,1
9,2.62,0.39,Organic,12.92,2,1
6,2.42,0.08,Organic,3.32,3,1
7,5.88,0.18,Paid,9.22,3,1
2,0.32,0.38,Paid,10.74,4,1
2,1.28,0.2,Social,0.97,4,1
8,2.32,0.68,Organic,1.78,2,1
8,5,0.4,Organic,17.13,1,1
8,0.73,0.13,Organic,6.72,5,1
7,4.87,0.2,Organic,1.33,1,1
6,1.53,0.28,Referral,9.7,6,1
2,0.63,0.26,Paid,11.61,3,1
7,4.27,0.21,Referral,3.93,1,1
6,0.29,0.38,Paid,6.12,1,1
5,2.17,0.45,Social,4.77,2,1
6,0.2,0.35,Direct,8.85,4,1
4,1.32,0.32,Referral,1.7,1,1
4,2.76,0.21,Social,2.36,1,1
4,2.44,0.08,Paid,6.84,4,1
5,1.56,0.09,Direct,6.92,0,1
4,1.68,0.27,Social,6.82,1,1
7,0.77,0.47,Direct,5.32,3,1
2,1.83,0.48,Referral,7.92,2,1
4,9.19,0.27,Social,9.83,0,1
1,5.7,0.17,Paid,8.99,1,1
6,0.47,0.6,Organic,2.62,2,1
1,0.09,0.28,Organic,3.19,1,1
6,8.13,0.14,Social,4.38,0,1
6,2.24,0.44,Organic,1.85,1,1
0,2.32,0.19,Paid,2.7,3,0.7
6,4.55,0.31,Organic,3.93,0,1
1,1.13,0.07,Organic,2.76,3,1
4,1.97,0.19,Social,1.98,3,0.9
6,10.39,0.46,Social,3.09,2,1
7,3.35,0.14,Paid,11.51,1,1
6,0.5,0.09,Organic,12.15,4,1
3,0.43,0.4,Paid,1.69,1,0.8
7,0.69,0.51,Paid,0.82,3,1
6,4.37,0.25,Organic,3.78,1,1
5,1.05,0.14,Organic,1.18,3,1
7,0.06,0.35,Paid,1.69,2,1
4,8.66,0.13,Organic,5.28,2,1
7,0.56,0.17,Referral,2.43,3,1
1,0.03,0.53,Organic,9.62,0,1
2,0.81,0.44,Paid,2.15,2,0.9
2,0.8,0.47,Organic,4.91,3,1
6,1.64,0.24,Direct,12.08,2,1
8,7.59,0.51,Paid,2.42,4,1
6,6.34,0.11,Organic,0.97,5,1
0,1.83,0.26,Paid,1.52,3,1
10,1.59,0.24,Social,10.88,0,1
2,2.43,0.05,Social,2,0,1
5,0.84,0.29,Referral,1.2,1,1
8,0.16,0.14,Organic,6.73,3,1
5,8.4,0.46,Referral,1.16,1,1
4,0.62,0.34,Social,4.07,1,1
3,0.66,0.49,Paid,0.99,3,0.8
7,1.92,0.51,Social,2.86,3,1
7,2.03,0.41,Organic,8.29,0,1
3,0.06,0.14,Organic,2.31,2,0.9
3,0.48,0.3,Social,1.03,2,1
2,1.43,0.18,Referral,3.6,3,1
2,3.45,0.15,Organic,5.48,1,1
7,0.78,0.11,Organic,3.23,1,1
4,1.65,0.26,Social,12.4,1,1
1,2.44,0.16,Organic,1.6,1,1
3,6.58,0.35,Organic,2.58,4,1
10,1.18,0.41,Organic,3.06,2,1
3,0.43,0.06,Direct,4.49,2,1
6,2.02,0.24,Direct,1.53,4,1
4,4.12,0.09,Paid,2.38,2,1
5,0.35,0.49,Paid,2.27,1,1
3,1.66,0.5,Organic,1.46,1,1
7,0.05,0.19,Organic,3.04,8,1
5,0.1,0.14,Social,5.42,0,1
2,1.98,0.49,Organic,0.91,3,1
6,1.06,0.61,Paid,3.44,4,1
3,5.6,0.27,Referral,3.93,4,1
2,2.77,0.11,Organic,3.87,2,1
7,1.82,0.13,Paid,14.63,2,1
6,1.57,0.17,Paid,3.97,2,1
3,2.06,0.25,Referral,2.82,4,1
5,0.12,0.29,Organic,2.01,2,1
7,6.7,0.39,Organic,2.29,1,1
4,19.14,0.07,Paid,1.7,2,1
4,0.6,0.25,Direct,2.08,2,1
3,0.38,0.08,Organic,2.48,2,1
6,0.46,0.1,Direct,2.97,0,1
4,3.25,0.31,Referral,5,1,1
5,3.25,0.22,Social,1.89,7,1
7,5.65,0.21,Organic,1.91,1,1
4,4.18,0.3,Organic,3.74,3,1
3,1.79,0.36,Organic,3.75,1,1
1,2.85,0.17,Organic,2.22,3,1
5,3.5,0.19,Direct,1,5,1
8,2.16,0.37,Organic,6.51,1,1
5,1.94,0.31,Paid,4.66,1,1
5,3.11,0.62,Organic,3.44,3,1
3,2.45,0.21,Referral,5.82,3,1
3,3.1,0.48,Organic,0.68,3,1
6,2.85,0.4,Organic,0.54,1,0.8
5,3.81,0.33,Organic,3.26,2,1
7,3.09,0.39,Social,5.31,4,1
6,2.2,0.54,Organic,3.18,3,1
8,3.44,0.07,Organic,0.67,4,1
8,1.79,0.02,Organic,5.32,4,1
8,0.83,0.13,Direct,1.9,2,1
9,0,0.14,Paid,6.95,1,1
5,2.46,0.43,Referral,14.11,2,1
3,2.68,0.33,Referral,0.72,2,1
4,10.73,0.38,Organic,1.37,1,1
5,1.35,0.23,Paid,2.68,2,0.9
6,1.5,0.19,Organic,3.55,9,1
7,0.68,0.27,Paid,6.43,2,1
4,0.22,0.17,Paid,3.14,3,1
6,4.45,0.37,Paid,1.31,2,1
13,0.86,0.37,Organic,4.38,1,1
3,2.82,0.22,Organic,1.39,1,1
7,3.49,0.2,Social,2.03,1,1
7,1.91,0.1,Referral,6.91,2,1
2,6.27,0.22,Organic,1.86,2,1
5,1.76,0.48,Organic,1.42,1,1
2,1.01,0.47,Social,2.13,4,1
4,6.79,0.21,Social,4.83,0,1
3,5.93,0.04,Direct,0.5,1,1
3,0.54,0.33,Organic,4.35,4,1
1,0.08,0.16,Paid,3.07,2,1
7,0.28,0.44,Organic,1.88,2,1
4,1.01,0.32,Referral,3.1,2,1
9,10.75,0.54,Organic,2.81,4,1
4,2.45,0.36,Organic,2.62,3,1
6,1.4,0.28,Organic,3,4,1
3,6.59,0.11,Referral,2.89,3,1
8,1.81,0.2,Paid,1.62,1,0.8
6,1.14,0.38,Referral,2.24,1,1
5,8.5,0.37,Social,4.2,4,1
3,5.68,0.23,Referral,0.9,1,1
11,5.57,0.17,Paid,3.5,0,1
7,2.15,0.56,Direct,1.06,0,0.7
6,4.67,0.06,Paid,3.34,4,1
6,0.59,0.09,Organic,0.85,1,0.9
6,2.55,0.22,Direct,1.75,1,1
6,12.38,0.68,Organic,3.78,2,1
5,1.03,0.41,Paid,2.7,3,1
8,4.74,0.39,Organic,3.07,3,1
6,2.02,0.41,Paid,1.46,2,1
8,0.12,0.73,Paid,5.58,3,1
13,4.32,0.35,Organic,2.76,0,1
4,0.55,0.09,Paid,2.48,1,1
1,2.99,0.49,Social,3.17,2,1
4,0.27,0.09,Organic,0.44,2,1
2,8.8,0.07,Organic,2.78,2,1
7,1.03,0.35,Organic,3.25,3,1
4,0.77,0.09,Social,1.7,4,1
5,0.41,0.15,Referral,6.04,1,1
8,8.76,0.59,Social,0.82,2,1
6,3.73,0.41,Organic,5.57,1,1
5,4.06,0.05,Organic,7.46,5,1
2,2.08,0.14,Organic,4.52,1,0.9
6,1.93,0.27,Organic,1.81,2,1
5,0.35,0.14,Paid,3.58,0,1
6,2.46,0.34,Direct,1.44,2,1
3,0.85,0.29,Organic,10.35,0,1
6,11.34,0.27,Direct,2.63,3,1
6,4.78,0.34,Organic,1.48,3,1
4,1.6,0.16,Direct,0.25,1,0.9
7,0.49,0.19,Organic,3.04,4,1
4,4.62,0.33,Direct,6.58,3,1
0,0.39,0.73,Organic,4.4,1,0.9
9,0.63,0.47,Direct,6.03,1,1
1,0.71,0.33,Organic,11.31,2,1
6,2.44,0.17,Organic,3.14,3,1
4,4.64,0.41,Paid,2.66,4,0.8
5,1.13,0.15,Organic,12.63,4,1
6,0.27,0.09,Referral,3.62,6,1
8,1.87,0.07,Direct,0.96,3,1
4,4.14,0.31,Referral,1.81,1,1
5,0.75,0.64,Referral,12.24,1,1
10,0.75,0.25,Organic,4.07,3,1
5,8.83,0.21,Referral,6.65,2,1
7,9.25,0.34,Paid,1.3,3,1
6,13.96,0.16,Social,6.62,1,1
4,4.95,0.07,Organic,2.47,3,1
3,0.63,0.07,Referral,6.81,1,1
5,0.71,0.26,Organic,9.76,1,1
4,1.25,0.63,Organic,1.75,4,0.6
4,1.15,0.28,Organic,5.34,2,1
5,9.41,0.18,Organic,3.79,0,1
2,4.67,0.38,Organic,2.22,0,1
7,3.86,0.11,Organic,1.89,3,1
3,0.62,0.48,Social,3.62,0,1
5,7.21,0.38,Organic,1.54,1,1
6,5.28,0.34,Social,2.94,1,1
8,0.54,0.41,Organic,5.62,4,1
5,6.15,0.17,Organic,0.9,4,1
3,0.95,0.23,Paid,1.39,4,1
3,0.25,0.21,Paid,1.75,1,0.9
5,3.21,0.53,Paid,4.48,2,1
7,3.18,0.33,Paid,6.14,2,1
5,0.3,0.16,Organic,3.54,0,1
5,1.15,0.05,Referral,5.4,2,1
10,14.81,0.23,Paid,4.22,3,1
2,3.4,0.36,Organic,10.42,1,1
6,3.93,0.4,Social,1.21,3,1
7,0.72,0.37,Referral,1.16,0,1
4,0.25,0.33,Organic,0.24,1,0.6
11,0.97,0.3,Social,0.88,2,1
5,0.86,0.34,Direct,1.76,1,1
4,0.8,0.25,Paid,3.39,3,1
1,0.64,0.45,Organic,3.4,1,1
11,2.57,0.13,Direct,4.49,5,1
3,1.19,0.12,Organic,3.14,1,0.8
2,5.15,0.17,Organic,3.32,0,1
7,0.61,0.3,Organic,4.48,0,1
5,1.87,0.16,Referral,9.45,3,1
1,0.04,0.42,Direct,7.57,0,1
6,1.97,0.06,Referral,1.01,5,1
4,0.17,0.47,Direct,11.68,0,1
9,11.41,0.35,Organic,12.68,0,1
4,4.69,0.54,Organic,1.01,1,1
9,2.02,0.4,Referral,2.61,2,1
5,0.27,0.17,Direct,3.88,4,1
2,2.69,0.24,Paid,4.99,1,1
8,4.27,0.22,Organic,1.37,3,1
2,0.63,0.43,Organic,0.73,3,1
7,2.52,0.32,Organic,7.32,1,1
9,5.05,0.04,Organic,5.52,0,1
3,4.39,0.09,Organic,3.23,1,1
3,4.87,0.29,Direct,2.69,3,1
6,6.34,0.45,Paid,6.06,0,1
7,8.33,0.47,Referral,1.16,0,1
2,1.56,0.34,Organic,4.3,1,1
9,2.52,0.43,Organic,5.61,3,1
5,4.69,0.57,Paid,3.13,2,1
5,3.58,0.43,Social,1.36,1,0.9
3,16.22,0.44,Paid,1.46,0,1
6,0.04,0.32,Social,2.34,0,0.8
6,1.32,0.06,Social,3.14,2,1
4,0.99,0.34,Organic,1.46,2,1
6,0.91,0.47,Organic,5.97,1,1
8,0.76,0.08,Referral,4,1,1
4,3.7,0.22,Paid,0.81,0,0.9
6,0.27,0.06,Organic,4.17,2,1
4,4.06,0.29,Paid,6.78,1,1
9,3.55,0.39,Paid,5,0,1
5,0.87,0.28,Direct,9.45,1,1
7,0.87,0.24,Organic,0.63,3,1
2,2.97,0.06,Organic,1.95,3,1
4,4.31,0.19,Paid,4.59,4,1
4,6.27,0.5,Referral,2.26,0,1
7,5.73,0.46,Referral,3.08,1,1
3,10.05,0.3,Direct,9.82,2,1
4,2.61,0.02,Social,7.55,3,1
3,7.18,0.56,Paid,4.94,4,1
3,4.96,0.35,Organic,3.58,3,1
2,6.75,0.18,Paid,5.03,2,1
10,0.04,0.21,Referral,5.68,6,1
3,10.14,0.36,Social,2.29,2,1
2,1.92,0.27,Direct,6.28,3,1
6,4.8,0.3,Referral,4.5,1,1
4,0.41,0.05,Paid,4.44,1,0.9
6,1.51,0.17,Organic,3.26,3,1
2,0.95,0.14,Organic,4.96,1,1
4,1.03,0.03,Organic,6.79,2,1
9,0.39,0.14,Organic,1.49,2,1
10,4.92,0.2,Paid,11.27,2,1
5,0.03,0.1,Organic,7.18,5,1
2,1.12,0.17,Referral,1.3,1,0.8
3,0.57,0.46,Paid,6.23,0,1
7,2.67,0.66,Paid,2.85,2,1
6,0.88,0.05,Paid,1.12,2,1
4,0.9,0.27,Organic,1.99,1,1
2,2.01,0.4,Direct,2.11,6,1
7,3.17,0.46,Organic,5.25,3,1
6,0.39,0.45,Direct,3.24,2,1
7,0.58,0.53,Organic,4.46,3,1
7,0.85,0.26,Paid,5.97,1,1
3,10.92,0.55,Organic,4.94,2,1
3,1.52,0.1,Organic,6.05,3,1
4,2.74,0.18,Paid,1.84,3,1
5,0.83,0.17,Referral,2.63,3,1
2,2.02,0.12,Organic,1.57,0,1
4,0.23,0.14,Paid,2.77,2,1
7,0.11,0.04,Organic,1.64,3,1
5,1.9,0.08,Organic,2.12,1,1
6,1.53,0.49,Direct,1.87,2,0.9
4,0.44,0.27,Social,3.7,1,1
9,3.49,0.45,Paid,8.5,2,1
2,14.84,0.25,Organic,0.59,2,1
6,1.51,0.11,Organic,2.44,3,1
4,2.94,0.34,Direct,5.54,1,1
3,9.89,0.11,Organic,2.17,1,1
6,5.34,0.54,Social,6.82,0,1
7,1.87,0.52,Organic,1.55,2,1
8,4.01,0.24,Direct,2.5,2,1
9,0.41,0.07,Organic,2.32,0,1
5,2.15,0.32,Organic,1.92,0,0.8
4,0.98,0.08,Referral,2.71,0,1
3,0.53,0.3,Direct,6.91,3,1
7,1.67,0.39,Direct,3.7,5,1
4,0.42,0.23,Referral,9.71,2,1
8,3.6,0.34,Social,1.37,4,1
8,1.83,0.51,Paid,8,2,1
1,2.27,0.13,Social,0.33,1,0.6
5,0.47,0.13,Social,5.59,1,1
4,0.45,0.31,Paid,10.53,2,1
3,2.63,0.62,Referral,10.08,1,1
2,12.6,0.19,Paid,1.93,1,1
8,0.3,0.2,Paid,6.16,2,1
8,1.01,0.57,Social,7.51,3,1
3,6.11,0.24,Organic,5.36,2,1
4,0.23,0.2,Organic,2.25,2,1
12,6.26,0.04,Paid,1.7,1,1
3,2.23,0.24,Organic,2.89,2,1
3,1.57,0.15,Paid,5.95,0,1
4,1.11,0.14,Direct,2.44,2,1
3,1.06,0.23,Referral,2.93,6,1
4,1.09,0.24,Social,2.98,0,1
6,6.48,0.09,Organic,5.01,1,1
4,3.86,0.28,Direct,3.35,2,1
3,3.32,0.16,Referral,1.96,2,1
8,4.81,0.4,Organic,1.91,1,1
2,0.89,0.32,Referral,8.27,6,1
3,2.89,0.13,Direct,6.17,0,1
7,1.85,0.42,Organic,4.98,1,1
3,4.58,0.16,Paid,3.75,1,1
7,1.11,0.38,Direct,0.57,3,1
5,3.09,0.23,Organic,7.59,1,1
2,6.42,0.1,Referral,1.99,4,1
9,1.54,0.46,Paid,2.14,1,1
4,0.21,0.11,Organic,5.69,2,1
3,2.18,0.25,Referral,7.61,1,1
1,1.27,0.32,Organic,3.4,0,1
2,3.35,0.23,Social,4.48,3,1
6,9.05,0.15,Organic,0.69,1,1
10,1.99,0.04,Organic,3.65,3,1
6,1.88,0.38,Paid,2.84,2,1
6,3.19,0.51,Organic,4.64,3,1
2,0.33,0.58,Organic,3.99,2,0.9
4,0.88,0.34,Social,1.42,2,0.9
5,7.54,0.09,Direct,6.19,0,1
8,3.33,0.14,Social,5.13,2,1
5,0.04,0.35,Paid,2.6,4,1
3,0.69,0.24,Social,0.93,2,1
1,3.45,0.03,Direct,9.83,1,1
7,4.34,0.22,Paid,3.39,3,1
7,5.5,0.21,Organic,4.63,3,1
4,1.04,0.1,Organic,1.89,2,1
4,8.02,0.22,Paid,5.28,2,1
4,2.42,0.09,Direct,3.71,2,1
9,3.58,0.35,Paid,4.13,3,1
1,2.72,0.21,Referral,1.32,2,1
3,0.39,0.1,Organic,3.82,1,1
4,9.9,0.45,Organic,1.29,1,1
3,0.39,0.28,Paid,5.04,2,1
3,0.88,0.34,Direct,5.19,3,1
